bin.10	example_contig_71181	metawrap
bin.10	example_contig_10388	metawrap
bin.10	example_contig_40861	metawrap
bin.10	example_contig_20666	metawrap
bin.10	example_contig_20738	metawrap
bin.10	example_contig_61364	metawrap
bin.10	example_contig_20785	metawrap
bin.10	example_contig_10636	metawrap
bin.10	example_contig_20971	metawrap
bin.10	example_contig_61438	metawrap
bin.10	example_contig_21079	metawrap
bin.10	example_contig_21095	metawrap
bin.10	example_contig_61495	metawrap
bin.10	example_contig_41224	metawrap
bin.10	example_contig_41334	metawrap
bin.10	example_contig_801	metawrap
bin.10	example_contig_41491	metawrap
bin.10	example_contig_11208	metawrap
bin.10	example_contig_1073	metawrap
bin.10	example_contig_11466	metawrap
bin.10	example_contig_11530	metawrap
bin.10	example_contig_51940	metawrap
bin.10	example_contig_41934	metawrap
bin.10	example_contig_62180	metawrap
bin.10	example_contig_11641	metawrap
bin.10	example_contig_42050	metawrap
bin.10	example_contig_21767	metawrap
bin.10	example_contig_72676	metawrap
bin.10	example_contig_42260	metawrap
bin.10	example_contig_22022	metawrap
bin.10	example_contig_11959	metawrap
bin.10	example_contig_22048	metawrap
bin.10	example_contig_62671	metawrap
bin.10	example_contig_12033	metawrap
bin.10	example_contig_72978	metawrap
bin.10	example_contig_1979	metawrap
bin.10	example_contig_2028	metawrap
bin.10	example_contig_12222	metawrap
bin.10	example_contig_2078	metawrap
bin.10	example_contig_73307	metawrap
bin.10	example_contig_63253	metawrap
bin.10	example_contig_12478	metawrap
bin.10	example_contig_73485	metawrap
bin.10	example_contig_73503	metawrap
bin.10	example_contig_42972	metawrap
bin.10	example_contig_2459	metawrap
bin.10	example_contig_12596	metawrap
bin.10	example_contig_52932	metawrap
bin.10	example_contig_22746	metawrap
bin.10	example_contig_63456	metawrap
bin.10	example_contig_12733	metawrap
bin.10	example_contig_33174	metawrap
bin.10	example_contig_12816	metawrap
bin.10	example_contig_53265	metawrap
bin.10	example_contig_43370	metawrap
bin.10	example_contig_13032	metawrap
bin.10	example_contig_63806	metawrap
bin.10	example_contig_63867	metawrap
bin.10	example_contig_43676	metawrap
bin.10	example_contig_13392	metawrap
bin.10	example_contig_53849	metawrap
bin.10	example_contig_43971	metawrap
bin.10	example_contig_23628	metawrap
bin.10	example_contig_13950	metawrap
bin.10	example_contig_74915	metawrap
bin.10	example_contig_34381	metawrap
bin.10	example_contig_4052	metawrap
bin.10	example_contig_54621	metawrap
bin.10	example_contig_4093	metawrap
bin.10	example_contig_4155	metawrap
bin.10	example_contig_4308	metawrap
bin.10	example_contig_55021	metawrap
bin.10	example_contig_34803	metawrap
bin.10	example_contig_14227	metawrap
bin.10	example_contig_4577	metawrap
bin.10	example_contig_75556	metawrap
bin.10	example_contig_75657	metawrap
bin.10	example_contig_65087	metawrap
bin.10	example_contig_34967	metawrap
bin.10	example_contig_34993	metawrap
bin.10	example_contig_35022	metawrap
bin.10	example_contig_65336	metawrap
bin.10	example_contig_45191	metawrap
bin.10	example_contig_24899	metawrap
bin.10	example_contig_35148	metawrap
bin.10	example_contig_14659	metawrap
bin.10	example_contig_14688	metawrap
bin.10	example_contig_35748	metawrap
bin.10	example_contig_15107	metawrap
bin.10	example_contig_35808	metawrap
bin.10	example_contig_5475	metawrap
bin.10	example_contig_76354	metawrap
bin.10	example_contig_15327	metawrap
bin.10	example_contig_66250	metawrap
bin.10	example_contig_76570	metawrap
bin.10	example_contig_5707	metawrap
bin.10	example_contig_46331	metawrap
bin.10	example_contig_56215	metawrap
bin.10	example_contig_66512	metawrap
bin.10	example_contig_36288	metawrap
bin.10	example_contig_15720	metawrap
bin.10	example_contig_66784	metawrap
bin.10	example_contig_36530	metawrap
bin.10	example_contig_36641	metawrap
bin.10	example_contig_66910	metawrap
bin.10	example_contig_26393	metawrap
bin.10	example_contig_15995	metawrap
bin.10	example_contig_56764	metawrap
bin.10	example_contig_26641	metawrap
bin.10	example_contig_6397	metawrap
bin.10	example_contig_26653	metawrap
bin.10	example_contig_56914	metawrap
bin.10	example_contig_26724	metawrap
bin.10	example_contig_77255	metawrap
bin.10	example_contig_67259	metawrap
bin.10	example_contig_57128	metawrap
bin.10	example_contig_16363	metawrap
bin.10	example_contig_37339	metawrap
bin.10	example_contig_47368	metawrap
bin.10	example_contig_37370	metawrap
bin.10	example_contig_37394	metawrap
bin.10	example_contig_57358	metawrap
bin.10	example_contig_67534	metawrap
bin.10	example_contig_6913	metawrap
bin.10	example_contig_6916	metawrap
bin.10	example_contig_27141	metawrap
bin.10	example_contig_47658	metawrap
bin.10	example_contig_77901	metawrap
bin.10	example_contig_67935	metawrap
bin.10	example_contig_17122	metawrap
bin.10	example_contig_7247	metawrap
bin.10	example_contig_68084	metawrap
bin.10	example_contig_38055	metawrap
bin.10	example_contig_7336	metawrap
bin.10	example_contig_57900	metawrap
bin.10	example_contig_47938	metawrap
bin.10	example_contig_78162	metawrap
bin.10	example_contig_27601	metawrap
bin.10	example_contig_58072	metawrap
bin.10	example_contig_68310	metawrap
bin.10	example_contig_58099	metawrap
bin.10	example_contig_78412	metawrap
bin.10	example_contig_38324	metawrap
bin.10	example_contig_7733	metawrap
bin.10	example_contig_7796	metawrap
bin.10	example_contig_48311	metawrap
bin.10	example_contig_7958	metawrap
bin.10	example_contig_17829	metawrap
bin.10	example_contig_17882	metawrap
bin.10	example_contig_48587	metawrap
bin.10	example_contig_28102	metawrap
bin.10	example_contig_58646	metawrap
bin.10	example_contig_58841	metawrap
bin.10	example_contig_8520	metawrap
bin.10	example_contig_39102	metawrap
bin.10	example_contig_28657	metawrap
bin.10	example_contig_39106	metawrap
bin.10	example_contig_49071	metawrap
bin.10	example_contig_79144	metawrap
bin.10	example_contig_28835	metawrap
bin.10	example_contig_69565	metawrap
bin.10	example_contig_8924	metawrap
bin.10	example_contig_69712	metawrap
bin.10	example_contig_69782	metawrap
bin.10	example_contig_79484	metawrap
bin.10	example_contig_59551	metawrap
bin.10	example_contig_59568	metawrap
bin.10	example_contig_59626	metawrap
bin.10	example_contig_79669	metawrap
bin.10	example_contig_49803	metawrap
bin.10	example_contig_29638	metawrap
bin.10	example_contig_70351	metawrap
bin.10	example_contig_40069	metawrap
bin.10	example_contig_40088	metawrap
bin.10	example_contig_79935	metawrap
bin.10	example_contig_19469	metawrap
bin.10	example_contig_40125	metawrap
bin.10	example_contig_9610	metawrap
bin.10	example_contig_60064	metawrap
bin.10	example_contig_9641	metawrap
bin.10	example_contig_60135	metawrap
bin.10	example_contig_60308	metawrap
bin.10	example_contig_19861	metawrap
bin.10	example_contig_80273	metawrap
bin.10	example_contig_40500	metawrap
bin.10	example_contig_20006	metawrap
bin.10	example_contig_20034	metawrap
bin.10	example_contig_20140	metawrap
bin.10	example_contig_20216	metawrap
bin.11	example_contig_20284	metawrap
bin.11	example_contig_60903	metawrap
bin.11	example_contig_30453	metawrap
bin.11	example_contig_10181	metawrap
bin.11	example_contig_60973	metawrap
bin.11	example_contig_30535	metawrap
bin.11	example_contig_170	metawrap
bin.11	example_contig_61075	metawrap
bin.11	example_contig_61130	metawrap
bin.11	example_contig_71184	metawrap
bin.11	example_contig_71318	metawrap
bin.11	example_contig_10484	metawrap
bin.11	example_contig_71365	metawrap
bin.11	example_contig_387	metawrap
bin.11	example_contig_51142	metawrap
bin.11	example_contig_10656	metawrap
bin.11	example_contig_71561	metawrap
bin.11	example_contig_10930	metawrap
bin.11	example_contig_31369	metawrap
bin.11	example_contig_41375	metawrap
bin.11	example_contig_31388	metawrap
bin.11	example_contig_31391	metawrap
bin.11	example_contig_61767	metawrap
bin.11	example_contig_71967	metawrap
bin.11	example_contig_986	metawrap
bin.11	example_contig_21316	metawrap
bin.11	example_contig_11210	metawrap
bin.11	example_contig_61921	metawrap
bin.11	example_contig_72098	metawrap
bin.11	example_contig_51855	metawrap
bin.11	example_contig_21463	metawrap
bin.11	example_contig_11445	metawrap
bin.11	example_contig_41801	metawrap
bin.11	example_contig_31781	metawrap
bin.11	example_contig_51949	metawrap
bin.11	example_contig_31807	metawrap
bin.11	example_contig_21678	metawrap
bin.11	example_contig_41955	metawrap
bin.11	example_contig_11668	metawrap
bin.11	example_contig_72575	metawrap
bin.11	example_contig_42057	metawrap
bin.11	example_contig_11753	metawrap
bin.11	example_contig_72593	metawrap
bin.11	example_contig_42157	metawrap
bin.11	example_contig_31990	metawrap
bin.11	example_contig_62448	metawrap
bin.11	example_contig_21968	metawrap
bin.11	example_contig_11933	metawrap
bin.11	example_contig_42404	metawrap
bin.11	example_contig_72964	metawrap
bin.11	example_contig_22131	metawrap
bin.11	example_contig_32244	metawrap
bin.11	example_contig_12100	metawrap
bin.11	example_contig_1957	metawrap
bin.11	example_contig_42479	metawrap
bin.11	example_contig_2015	metawrap
bin.11	example_contig_22296	metawrap
bin.11	example_contig_73265	metawrap
bin.11	example_contig_12328	metawrap
bin.11	example_contig_52612	metawrap
bin.11	example_contig_32544	metawrap
bin.11	example_contig_52628	metawrap
bin.11	example_contig_2171	metawrap
bin.11	example_contig_12388	metawrap
bin.11	example_contig_63219	metawrap
bin.11	example_contig_52715	metawrap
bin.11	example_contig_73367	metawrap
bin.11	example_contig_73404	metawrap
bin.11	example_contig_32690	metawrap
bin.11	example_contig_12448	metawrap
bin.11	example_contig_22578	metawrap
bin.11	example_contig_32788	metawrap
bin.11	example_contig_52865	metawrap
bin.11	example_contig_32831	metawrap
bin.11	example_contig_22624	metawrap
bin.11	example_contig_32887	metawrap
bin.11	example_contig_43001	metawrap
bin.11	example_contig_2503	metawrap
bin.11	example_contig_73617	metawrap
bin.11	example_contig_22773	metawrap
bin.11	example_contig_33061	metawrap
bin.11	example_contig_73713	metawrap
bin.11	example_contig_73721	metawrap
bin.11	example_contig_2599	metawrap
bin.11	example_contig_43149	metawrap
bin.11	example_contig_43177	metawrap
bin.11	example_contig_53083	metawrap
bin.11	example_contig_2661	metawrap
bin.11	example_contig_73829	metawrap
bin.11	example_contig_22962	metawrap
bin.11	example_contig_13026	metawrap
bin.11	example_contig_53290	metawrap
bin.11	example_contig_23038	metawrap
bin.11	example_contig_43447	metawrap
bin.11	example_contig_63880	metawrap
bin.11	example_contig_3162	metawrap
bin.11	example_contig_3185	metawrap
bin.11	example_contig_3305	metawrap
bin.11	example_contig_33651	metawrap
bin.11	example_contig_3320	metawrap
bin.11	example_contig_3414	metawrap
bin.11	example_contig_53835	metawrap
bin.11	example_contig_3440	metawrap
bin.11	example_contig_3464	metawrap
bin.11	example_contig_23556	metawrap
bin.11	example_contig_33954	metawrap
bin.11	example_contig_23868	metawrap
bin.11	example_contig_34294	metawrap
bin.11	example_contig_24065	metawrap
bin.11	example_contig_14031	metawrap
bin.11	example_contig_14045	metawrap
bin.11	example_contig_34472	metawrap
bin.11	example_contig_54688	metawrap
bin.11	example_contig_24108	metawrap
bin.11	example_contig_24225	metawrap
bin.11	example_contig_24267	metawrap
bin.11	example_contig_4313	metawrap
bin.11	example_contig_24356	metawrap
bin.11	example_contig_44876	metawrap
bin.11	example_contig_24577	metawrap
bin.11	example_contig_75695	metawrap
bin.11	example_contig_55357	metawrap
bin.11	example_contig_55550	metawrap
bin.11	example_contig_24835	metawrap
bin.11	example_contig_14569	metawrap
bin.11	example_contig_35196	metawrap
bin.11	example_contig_35206	metawrap
bin.11	example_contig_24996	metawrap
bin.11	example_contig_65547	metawrap
bin.11	example_contig_14762	metawrap
bin.11	example_contig_65768	metawrap
bin.11	example_contig_25247	metawrap
bin.11	example_contig_65944	metawrap
bin.11	example_contig_5296	metawrap
bin.11	example_contig_55946	metawrap
bin.11	example_contig_76320	metawrap
bin.11	example_contig_5464	metawrap
bin.11	example_contig_45940	metawrap
bin.11	example_contig_66111	metawrap
bin.11	example_contig_56047	metawrap
bin.11	example_contig_15361	metawrap
bin.11	example_contig_5545	metawrap
bin.11	example_contig_46118	metawrap
bin.11	example_contig_25846	metawrap
bin.11	example_contig_36096	metawrap
bin.11	example_contig_5682	metawrap
bin.11	example_contig_25909	metawrap
bin.11	example_contig_36304	metawrap
bin.11	example_contig_15766	metawrap
bin.11	example_contig_6117	metawrap
bin.11	example_contig_6125	metawrap
bin.11	example_contig_26327	metawrap
bin.11	example_contig_56662	metawrap
bin.11	example_contig_16027	metawrap
bin.11	example_contig_26655	metawrap
bin.11	example_contig_26659	metawrap
bin.11	example_contig_47131	metawrap
bin.11	example_contig_67150	metawrap
bin.11	example_contig_77225	metawrap
bin.11	example_contig_6601	metawrap
bin.11	example_contig_37213	metawrap
bin.11	example_contig_57149	metawrap
bin.11	example_contig_47283	metawrap
bin.11	example_contig_47312	metawrap
bin.11	example_contig_57216	metawrap
bin.11	example_contig_37349	metawrap
bin.11	example_contig_16583	metawrap
bin.11	example_contig_67419	metawrap
bin.11	example_contig_67432	metawrap
bin.11	example_contig_26962	metawrap
bin.11	example_contig_47411	metawrap
bin.11	example_contig_67445	metawrap
bin.11	example_contig_27103	metawrap
bin.11	example_contig_67643	metawrap
bin.11	example_contig_16778	metawrap
bin.11	example_contig_77768	metawrap
bin.11	example_contig_57597	metawrap
bin.11	example_contig_67721	metawrap
bin.11	example_contig_47605	metawrap
bin.11	example_contig_67808	metawrap
bin.11	example_contig_16948	metawrap
bin.11	example_contig_17142	metawrap
bin.11	example_contig_37988	metawrap
bin.11	example_contig_77958	metawrap
bin.11	example_contig_7423	metawrap
bin.11	example_contig_58010	metawrap
bin.11	example_contig_78171	metawrap
bin.11	example_contig_78220	metawrap
bin.11	example_contig_17468	metawrap
bin.11	example_contig_27701	metawrap
bin.11	example_contig_68505	metawrap
bin.11	example_contig_27790	metawrap
bin.11	example_contig_68601	metawrap
bin.11	example_contig_78555	metawrap
bin.11	example_contig_38774	metawrap
bin.11	example_contig_8381	metawrap
bin.11	example_contig_18208	metawrap
bin.11	example_contig_18227	metawrap
bin.11	example_contig_8499	metawrap
bin.11	example_contig_69349	metawrap
bin.11	example_contig_18477	metawrap
bin.11	example_contig_79140	metawrap
bin.11	example_contig_59162	metawrap
bin.11	example_contig_59198	metawrap
bin.11	example_contig_28901	metawrap
bin.11	example_contig_9106	metawrap
bin.11	example_contig_18906	metawrap
bin.11	example_contig_79554	metawrap
bin.11	example_contig_18985	metawrap
bin.11	example_contig_39769	metawrap
bin.11	example_contig_9461	metawrap
bin.11	example_contig_70412	metawrap
bin.11	example_contig_80015	metawrap
bin.11	example_contig_80034	metawrap
bin.11	example_contig_19713	metawrap
bin.11	example_contig_9871	metawrap
bin.11	example_contig_19931	metawrap
bin.11	example_contig_70950	metawrap
bin.11	example_contig_20214	metawrap
bin.11	example_contig_30410	metawrap
bin.12	example_contig_47572	metawrap
bin.12	example_contig_67299	metawrap
bin.12	example_contig_43273	metawrap
bin.12	example_contig_64728	metawrap
bin.12	example_contig_53472	metawrap
bin.12	example_contig_27460	metawrap
bin.12	example_contig_42843	metawrap
bin.12	example_contig_21335	metawrap
bin.12	example_contig_39522	metawrap
bin.12	example_contig_73211	metawrap
bin.12	example_contig_80073	metawrap
bin.12	example_contig_72170	metawrap
bin.12	example_contig_33888	metawrap
bin.12	example_contig_2698	metawrap
bin.12	example_contig_19366	metawrap
bin.12	example_contig_54640	metawrap
bin.12	example_contig_14238	metawrap
bin.12	example_contig_34093	metawrap
bin.12	example_contig_40409	metawrap
bin.12	example_contig_1522	metawrap
bin.12	example_contig_22210	metawrap
bin.12	example_contig_31945	metawrap
bin.12	example_contig_42249	metawrap
bin.12	example_contig_24552	metawrap
bin.12	example_contig_69973	metawrap
bin.12	example_contig_11796	metawrap
bin.12	example_contig_48093	metawrap
bin.12	example_contig_49946	metawrap
bin.12	example_contig_66648	metawrap
bin.12	example_contig_64722	metawrap
bin.12	example_contig_13031	metawrap
bin.12	example_contig_21910	metawrap
bin.12	example_contig_62698	metawrap
bin.12	example_contig_29706	metawrap
bin.12	example_contig_31993	metawrap
bin.12	example_contig_16307	metawrap
bin.12	example_contig_38536	metawrap
bin.12	example_contig_79065	metawrap
bin.12	example_contig_66454	metawrap
bin.12	example_contig_58606	metawrap
bin.12	example_contig_5931	metawrap
bin.12	example_contig_19000	metawrap
bin.12	example_contig_75648	metawrap
bin.12	example_contig_27409	metawrap
bin.12	example_contig_80815	metawrap
bin.12	example_contig_72854	metawrap
bin.12	example_contig_35571	metawrap
bin.12	example_contig_20621	metawrap
bin.12	example_contig_61333	metawrap
bin.12	example_contig_34553	metawrap
bin.12	example_contig_28568	metawrap
bin.12	example_contig_12576	metawrap
bin.12	example_contig_55925	metawrap
bin.12	example_contig_79011	metawrap
bin.12	example_contig_38634	metawrap
bin.12	example_contig_38337	metawrap
bin.12	example_contig_16734	metawrap
bin.12	example_contig_41817	metawrap
bin.12	example_contig_70575	metawrap
bin.12	example_contig_53372	metawrap
bin.12	example_contig_55934	metawrap
bin.12	example_contig_68284	metawrap
bin.12	example_contig_16650	metawrap
bin.12	example_contig_75076	metawrap
bin.12	example_contig_51776	metawrap
bin.12	example_contig_18579	metawrap
bin.12	example_contig_5851	metawrap
bin.12	example_contig_14126	metawrap
bin.12	example_contig_64622	metawrap
bin.12	example_contig_70670	metawrap
bin.12	example_contig_73466	metawrap
bin.12	example_contig_12659	metawrap
bin.12	example_contig_35073	metawrap
bin.12	example_contig_67817	metawrap
bin.12	example_contig_39574	metawrap
bin.12	example_contig_23195	metawrap
bin.12	example_contig_34118	metawrap
bin.12	example_contig_74670	metawrap
bin.12	example_contig_60744	metawrap
bin.12	example_contig_64371	metawrap
bin.12	example_contig_9577	metawrap
bin.12	example_contig_25115	metawrap
bin.12	example_contig_11540	metawrap
bin.12	example_contig_17689	metawrap
bin.12	example_contig_38013	metawrap
bin.12	example_contig_46238	metawrap
bin.12	example_contig_27559	metawrap
bin.12	example_contig_76409	metawrap
bin.12	example_contig_37028	metawrap
bin.12	example_contig_38789	metawrap
bin.12	example_contig_2776	metawrap
bin.12	example_contig_38554	metawrap
bin.12	example_contig_64755	metawrap
bin.12	example_contig_6499	metawrap
bin.12	example_contig_61281	metawrap
bin.12	example_contig_31481	metawrap
bin.12	example_contig_73415	metawrap
bin.12	example_contig_37594	metawrap
bin.12	example_contig_26848	metawrap
bin.12	example_contig_56058	metawrap
bin.12	example_contig_16749	metawrap
bin.12	example_contig_6715	metawrap
bin.12	example_contig_17667	metawrap
bin.12	example_contig_13650	metawrap
bin.12	example_contig_36865	metawrap
bin.12	example_contig_59935	metawrap
bin.12	example_contig_9680	metawrap
bin.12	example_contig_29721	metawrap
bin.12	example_contig_29097	metawrap
bin.12	example_contig_36509	metawrap
bin.12	example_contig_23087	metawrap
bin.12	example_contig_32912	metawrap
bin.12	example_contig_37700	metawrap
bin.12	example_contig_35916	metawrap
bin.12	example_contig_53616	metawrap
bin.12	example_contig_31970	metawrap
bin.12	example_contig_39552	metawrap
bin.12	example_contig_13604	metawrap
bin.12	example_contig_2305	metawrap
bin.12	example_contig_39580	metawrap
bin.12	example_contig_67110	metawrap
bin.12	example_contig_78020	metawrap
bin.12	example_contig_40153	metawrap
bin.12	example_contig_3557	metawrap
bin.12	example_contig_46421	metawrap
bin.12	example_contig_50689	metawrap
bin.12	example_contig_6729	metawrap
bin.12	example_contig_21873	metawrap
bin.12	example_contig_31726	metawrap
bin.12	example_contig_22053	metawrap
bin.12	example_contig_30687	metawrap
bin.12	example_contig_11819	metawrap
bin.12	example_contig_57764	metawrap
bin.12	example_contig_35608	metawrap
bin.12	example_contig_35560	metawrap
bin.12	example_contig_53935	metawrap
bin.12	example_contig_65000	metawrap
bin.12	example_contig_38879	metawrap
bin.13	example_contig_57	metawrap
bin.13	example_contig_20482	metawrap
bin.13	example_contig_10467	metawrap
bin.13	example_contig_20677	metawrap
bin.13	example_contig_71396	metawrap
bin.13	example_contig_10502	metawrap
bin.13	example_contig_20712	metawrap
bin.13	example_contig_61367	metawrap
bin.13	example_contig_51231	metawrap
bin.13	example_contig_51341	metawrap
bin.13	example_contig_71847	metawrap
bin.13	example_contig_51447	metawrap
bin.13	example_contig_61718	metawrap
bin.13	example_contig_21424	metawrap
bin.13	example_contig_72229	metawrap
bin.13	example_contig_62020	metawrap
bin.13	example_contig_1407	metawrap
bin.13	example_contig_1440	metawrap
bin.13	example_contig_21785	metawrap
bin.13	example_contig_1584	metawrap
bin.13	example_contig_11839	metawrap
bin.13	example_contig_52268	metawrap
bin.13	example_contig_32190	metawrap
bin.13	example_contig_42426	metawrap
bin.13	example_contig_12039	metawrap
bin.13	example_contig_1903	metawrap
bin.13	example_contig_73005	metawrap
bin.13	example_contig_52504	metawrap
bin.13	example_contig_52533	metawrap
bin.13	example_contig_22337	metawrap
bin.13	example_contig_63145	metawrap
bin.13	example_contig_73313	metawrap
bin.13	example_contig_63218	metawrap
bin.13	example_contig_12399	metawrap
bin.13	example_contig_32623	metawrap
bin.13	example_contig_12466	metawrap
bin.13	example_contig_63393	metawrap
bin.13	example_contig_63474	metawrap
bin.13	example_contig_73687	metawrap
bin.13	example_contig_22858	metawrap
bin.13	example_contig_12809	metawrap
bin.13	example_contig_73797	metawrap
bin.13	example_contig_63560	metawrap
bin.13	example_contig_23260	metawrap
bin.13	example_contig_13366	metawrap
bin.13	example_contig_64070	metawrap
bin.13	example_contig_33676	metawrap
bin.13	example_contig_33864	metawrap
bin.13	example_contig_53965	metawrap
bin.13	example_contig_64302	metawrap
bin.13	example_contig_74642	metawrap
bin.13	example_contig_44058	metawrap
bin.13	example_contig_54324	metawrap
bin.13	example_contig_13964	metawrap
bin.13	example_contig_24287	metawrap
bin.13	example_contig_24349	metawrap
bin.13	example_contig_34815	metawrap
bin.13	example_contig_64908	metawrap
bin.13	example_contig_55149	metawrap
bin.13	example_contig_44988	metawrap
bin.13	example_contig_14420	metawrap
bin.13	example_contig_34945	metawrap
bin.13	example_contig_24744	metawrap
bin.13	example_contig_14519	metawrap
bin.13	example_contig_65347	metawrap
bin.13	example_contig_14589	metawrap
bin.13	example_contig_45317	metawrap
bin.13	example_contig_65672	metawrap
bin.13	example_contig_45552	metawrap
bin.13	example_contig_14941	metawrap
bin.13	example_contig_5246	metawrap
bin.13	example_contig_66090	metawrap
bin.13	example_contig_5521	metawrap
bin.13	example_contig_36144	metawrap
bin.13	example_contig_56214	metawrap
bin.13	example_contig_56240	metawrap
bin.13	example_contig_56277	metawrap
bin.13	example_contig_15676	metawrap
bin.13	example_contig_15732	metawrap
bin.13	example_contig_15755	metawrap
bin.13	example_contig_6039	metawrap
bin.13	example_contig_6260	metawrap
bin.13	example_contig_16141	metawrap
bin.13	example_contig_67262	metawrap
bin.13	example_contig_47391	metawrap
bin.13	example_contig_57560	metawrap
bin.13	example_contig_7021	metawrap
bin.13	example_contig_57694	metawrap
bin.13	example_contig_27227	metawrap
bin.13	example_contig_77917	metawrap
bin.13	example_contig_7235	metawrap
bin.13	example_contig_27396	metawrap
bin.13	example_contig_17216	metawrap
bin.13	example_contig_68186	metawrap
bin.13	example_contig_47969	metawrap
bin.13	example_contig_38088	metawrap
bin.13	example_contig_7490	metawrap
bin.13	example_contig_38113	metawrap
bin.13	example_contig_27611	metawrap
bin.13	example_contig_78504	metawrap
bin.13	example_contig_17679	metawrap
bin.13	example_contig_17850	metawrap
bin.13	example_contig_58484	metawrap
bin.13	example_contig_58589	metawrap
bin.13	example_contig_48617	metawrap
bin.13	example_contig_18018	metawrap
bin.13	example_contig_58706	metawrap
bin.13	example_contig_78861	metawrap
bin.13	example_contig_38851	metawrap
bin.13	example_contig_48823	metawrap
bin.13	example_contig_38896	metawrap
bin.13	example_contig_69131	metawrap
bin.13	example_contig_69238	metawrap
bin.13	example_contig_79060	metawrap
bin.13	example_contig_79070	metawrap
bin.13	example_contig_18582	metawrap
bin.13	example_contig_39526	metawrap
bin.13	example_contig_69807	metawrap
bin.13	example_contig_18853	metawrap
bin.13	example_contig_49473	metawrap
bin.13	example_contig_49621	metawrap
bin.13	example_contig_59594	metawrap
bin.13	example_contig_70132	metawrap
bin.13	example_contig_49719	metawrap
bin.13	example_contig_59714	metawrap
bin.13	example_contig_59890	metawrap
bin.13	example_contig_80095	metawrap
bin.13	example_contig_30078	metawrap
bin.13	example_contig_9963	metawrap
bin.13	example_contig_80346	metawrap
bin.14	example_contig_13457	metawrap
bin.14	example_contig_74069	metawrap
bin.14	example_contig_58342	metawrap
bin.14	example_contig_72065	metawrap
bin.14	example_contig_34068	metawrap
bin.14	example_contig_10419	metawrap
bin.14	example_contig_47748	metawrap
bin.14	example_contig_35055	metawrap
bin.14	example_contig_1067	metawrap
bin.14	example_contig_72721	metawrap
bin.14	example_contig_75262	metawrap
bin.14	example_contig_53037	metawrap
bin.14	example_contig_77365	metawrap
bin.14	example_contig_54302	metawrap
bin.14	example_contig_52453	metawrap
bin.14	example_contig_65081	metawrap
bin.14	example_contig_3357	metawrap
bin.14	example_contig_66835	metawrap
bin.14	example_contig_34315	metawrap
bin.14	example_contig_78125	metawrap
bin.14	example_contig_17420	metawrap
bin.14	example_contig_4000	metawrap
bin.14	example_contig_22256	metawrap
bin.14	example_contig_76633	metawrap
bin.14	example_contig_27759	metawrap
bin.14	example_contig_12450	metawrap
bin.14	example_contig_1241	metawrap
bin.14	example_contig_23969	metawrap
bin.14	example_contig_4023	metawrap
bin.14	example_contig_16089	metawrap
bin.14	example_contig_52922	metawrap
bin.14	example_contig_25194	metawrap
bin.14	example_contig_75879	metawrap
bin.14	example_contig_15581	metawrap
bin.14	example_contig_49103	metawrap
bin.14	example_contig_348	metawrap
bin.14	example_contig_77164	metawrap
bin.14	example_contig_74208	metawrap
bin.14	example_contig_65441	metawrap
bin.14	example_contig_5983	metawrap
bin.14	example_contig_41347	metawrap
bin.14	example_contig_74391	metawrap
bin.14	example_contig_4758	metawrap
bin.14	example_contig_1523	metawrap
bin.14	example_contig_25963	metawrap
bin.14	example_contig_74333	metawrap
bin.14	example_contig_57961	metawrap
bin.14	example_contig_27149	metawrap
bin.14	example_contig_51186	metawrap
bin.14	example_contig_24353	metawrap
bin.14	example_contig_30974	metawrap
bin.14	example_contig_909	metawrap
bin.14	example_contig_79217	metawrap
bin.14	example_contig_65782	metawrap
bin.14	example_contig_21351	metawrap
bin.14	example_contig_52408	metawrap
bin.14	example_contig_27120	metawrap
bin.14	example_contig_39128	metawrap
bin.14	example_contig_10722	metawrap
bin.14	example_contig_12226	metawrap
bin.14	example_contig_36827	metawrap
bin.14	example_contig_58114	metawrap
bin.14	example_contig_26759	metawrap
bin.14	example_contig_73890	metawrap
bin.14	example_contig_49278	metawrap
bin.14	example_contig_66640	metawrap
bin.14	example_contig_72943	metawrap
bin.14	example_contig_77504	metawrap
bin.14	example_contig_14660	metawrap
bin.14	example_contig_71102	metawrap
bin.14	example_contig_66975	metawrap
bin.14	example_contig_23581	metawrap
bin.14	example_contig_3661	metawrap
bin.14	example_contig_48828	metawrap
bin.14	example_contig_1984	metawrap
bin.14	example_contig_22112	metawrap
bin.14	example_contig_9498	metawrap
bin.14	example_contig_13667	metawrap
bin.14	example_contig_33508	metawrap
bin.14	example_contig_20230	metawrap
bin.14	example_contig_21520	metawrap
bin.1	example_contig_18827	metawrap
bin.1	example_contig_47326	metawrap
bin.1	example_contig_26591	metawrap
bin.1	example_contig_72394	metawrap
bin.1	example_contig_9660	metawrap
bin.1	example_contig_39187	metawrap
bin.1	example_contig_41779	metawrap
bin.1	example_contig_64548	metawrap
bin.1	example_contig_13111	metawrap
bin.1	example_contig_4838	metawrap
bin.1	example_contig_1531	metawrap
bin.1	example_contig_53019	metawrap
bin.1	example_contig_69875	metawrap
bin.1	example_contig_64826	metawrap
bin.1	example_contig_22300	metawrap
bin.1	example_contig_34102	metawrap
bin.1	example_contig_16668	metawrap
bin.1	example_contig_51833	metawrap
bin.1	example_contig_77237	metawrap
bin.1	example_contig_72262	metawrap
bin.1	example_contig_10712	metawrap
bin.1	example_contig_80284	metawrap
bin.1	example_contig_52091	metawrap
bin.1	example_contig_63395	metawrap
bin.1	example_contig_11576	metawrap
bin.1	example_contig_54540	metawrap
bin.1	example_contig_78769	metawrap
bin.1	example_contig_27973	metawrap
bin.1	example_contig_28093	metawrap
bin.1	example_contig_36614	metawrap
bin.1	example_contig_2101	metawrap
bin.1	example_contig_50765	metawrap
bin.1	example_contig_23114	metawrap
bin.1	example_contig_30096	metawrap
bin.1	example_contig_33198	metawrap
bin.1	example_contig_26093	metawrap
bin.1	example_contig_13990	metawrap
bin.1	example_contig_26623	metawrap
bin.1	example_contig_40774	metawrap
bin.1	example_contig_29758	metawrap
bin.1	example_contig_21231	metawrap
bin.1	example_contig_79911	metawrap
bin.1	example_contig_55856	metawrap
bin.1	example_contig_79473	metawrap
bin.1	example_contig_31474	metawrap
bin.1	example_contig_27900	metawrap
bin.1	example_contig_2456	metawrap
bin.1	example_contig_99	metawrap
bin.1	example_contig_43666	metawrap
bin.1	example_contig_13844	metawrap
bin.1	example_contig_41108	metawrap
bin.1	example_contig_69090	metawrap
bin.1	example_contig_46855	metawrap
bin.1	example_contig_75704	metawrap
bin.1	example_contig_65937	metawrap
bin.1	example_contig_74359	metawrap
bin.1	example_contig_26048	metawrap
bin.1	example_contig_368	metawrap
bin.1	example_contig_47079	metawrap
bin.1	example_contig_26941	metawrap
bin.1	example_contig_3984	metawrap
bin.1	example_contig_65918	metawrap
bin.1	example_contig_61035	metawrap
bin.1	example_contig_67307	metawrap
bin.1	example_contig_21394	metawrap
bin.1	example_contig_13387	metawrap
bin.1	example_contig_62450	metawrap
bin.1	example_contig_21460	metawrap
bin.1	example_contig_5735	metawrap
bin.1	example_contig_79548	metawrap
bin.1	example_contig_70600	metawrap
bin.1	example_contig_29968	metawrap
bin.1	example_contig_70660	metawrap
bin.1	example_contig_80677	metawrap
bin.1	example_contig_5164	metawrap
bin.1	example_contig_42408	metawrap
bin.1	example_contig_31959	metawrap
bin.1	example_contig_74456	metawrap
bin.1	example_contig_4154	metawrap
bin.1	example_contig_51867	metawrap
bin.1	example_contig_63802	metawrap
bin.1	example_contig_56291	metawrap
bin.1	example_contig_45051	metawrap
bin.1	example_contig_4370	metawrap
bin.1	example_contig_38101	metawrap
bin.1	example_contig_26832	metawrap
bin.1	example_contig_24670	metawrap
bin.1	example_contig_77796	metawrap
bin.1	example_contig_4001	metawrap
bin.1	example_contig_1428	metawrap
bin.1	example_contig_21319	metawrap
bin.1	example_contig_40872	metawrap
bin.1	example_contig_8045	metawrap
bin.1	example_contig_24217	metawrap
bin.1	example_contig_77965	metawrap
bin.1	example_contig_51807	metawrap
bin.1	example_contig_52797	metawrap
bin.1	example_contig_647	metawrap
bin.1	example_contig_42657	metawrap
bin.1	example_contig_26223	metawrap
bin.1	example_contig_74390	metawrap
bin.1	example_contig_51929	metawrap
bin.1	example_contig_69105	metawrap
bin.1	example_contig_2130	metawrap
bin.1	example_contig_38759	metawrap
bin.1	example_contig_45843	metawrap
bin.2	example_contig_50690	metawrap
bin.2	example_contig_40614	metawrap
bin.2	example_contig_144	metawrap
bin.2	example_contig_50778	metawrap
bin.2	example_contig_10310	metawrap
bin.2	example_contig_61087	metawrap
bin.2	example_contig_50832	metawrap
bin.2	example_contig_40814	metawrap
bin.2	example_contig_61169	metawrap
bin.2	example_contig_10397	metawrap
bin.2	example_contig_309	metawrap
bin.2	example_contig_50912	metawrap
bin.2	example_contig_61251	metawrap
bin.2	example_contig_50932	metawrap
bin.2	example_contig_71321	metawrap
bin.2	example_contig_20685	metawrap
bin.2	example_contig_71463	metawrap
bin.2	example_contig_71483	metawrap
bin.2	example_contig_51097	metawrap
bin.2	example_contig_30891	metawrap
bin.2	example_contig_30924	metawrap
bin.2	example_contig_51125	metawrap
bin.2	example_contig_30947	metawrap
bin.2	example_contig_61403	metawrap
bin.2	example_contig_10670	metawrap
bin.2	example_contig_51253	metawrap
bin.2	example_contig_623	metawrap
bin.2	example_contig_61506	metawrap
bin.2	example_contig_41229	metawrap
bin.2	example_contig_713	metawrap
bin.2	example_contig_757	metawrap
bin.2	example_contig_763	metawrap
bin.2	example_contig_61671	metawrap
bin.2	example_contig_41354	metawrap
bin.2	example_contig_71887	metawrap
bin.2	example_contig_11041	metawrap
bin.2	example_contig_41404	metawrap
bin.2	example_contig_31436	metawrap
bin.2	example_contig_31438	metawrap
bin.2	example_contig_51541	metawrap
bin.2	example_contig_61790	metawrap
bin.2	example_contig_41460	metawrap
bin.2	example_contig_11113	metawrap
bin.2	example_contig_1032	metawrap
bin.2	example_contig_51697	metawrap
bin.2	example_contig_41547	metawrap
bin.2	example_contig_41552	metawrap
bin.2	example_contig_72092	metawrap
bin.2	example_contig_72164	metawrap
bin.2	example_contig_11321	metawrap
bin.2	example_contig_31662	metawrap
bin.2	example_contig_72179	metawrap
bin.2	example_contig_72189	metawrap
bin.2	example_contig_31718	metawrap
bin.2	example_contig_41788	metawrap
bin.2	example_contig_51879	metawrap
bin.2	example_contig_51905	metawrap
bin.2	example_contig_72358	metawrap
bin.2	example_contig_1372	metawrap
bin.2	example_contig_21562	metawrap
bin.2	example_contig_21566	metawrap
bin.2	example_contig_21586	metawrap
bin.2	example_contig_21642	metawrap
bin.2	example_contig_72472	metawrap
bin.2	example_contig_72509	metawrap
bin.2	example_contig_72512	metawrap
bin.2	example_contig_72537	metawrap
bin.2	example_contig_52120	metawrap
bin.2	example_contig_1538	metawrap
bin.2	example_contig_62371	metawrap
bin.2	example_contig_42181	metawrap
bin.2	example_contig_52205	metawrap
bin.2	example_contig_72780	metawrap
bin.2	example_contig_1746	metawrap
bin.2	example_contig_62582	metawrap
bin.2	example_contig_72864	metawrap
bin.2	example_contig_62627	metawrap
bin.2	example_contig_62652	metawrap
bin.2	example_contig_62676	metawrap
bin.2	example_contig_22060	metawrap
bin.2	example_contig_52394	metawrap
bin.2	example_contig_32226	metawrap
bin.2	example_contig_22143	metawrap
bin.2	example_contig_52434	metawrap
bin.2	example_contig_62834	metawrap
bin.2	example_contig_22220	metawrap
bin.2	example_contig_1964	metawrap
bin.2	example_contig_42486	metawrap
bin.2	example_contig_62869	metawrap
bin.2	example_contig_22265	metawrap
bin.2	example_contig_73128	metawrap
bin.2	example_contig_12213	metawrap
bin.2	example_contig_22292	metawrap
bin.2	example_contig_22295	metawrap
bin.2	example_contig_2096	metawrap
bin.2	example_contig_63073	metawrap
bin.2	example_contig_22331	metawrap
bin.2	example_contig_42644	metawrap
bin.2	example_contig_73323	metawrap
bin.2	example_contig_2217	metawrap
bin.2	example_contig_73363	metawrap
bin.2	example_contig_12401	metawrap
bin.2	example_contig_52727	metawrap
bin.2	example_contig_63284	metawrap
bin.2	example_contig_73388	metawrap
bin.2	example_contig_63332	metawrap
bin.2	example_contig_63344	metawrap
bin.2	example_contig_73469	metawrap
bin.2	example_contig_22567	metawrap
bin.2	example_contig_2407	metawrap
bin.2	example_contig_73501	metawrap
bin.2	example_contig_32836	metawrap
bin.2	example_contig_32847	metawrap
bin.2	example_contig_63429	metawrap
bin.2	example_contig_63443	metawrap
bin.2	example_contig_2522	metawrap
bin.2	example_contig_63454	metawrap
bin.2	example_contig_2526	metawrap
bin.2	example_contig_73651	metawrap
bin.2	example_contig_43128	metawrap
bin.2	example_contig_73747	metawrap
bin.2	example_contig_33240	metawrap
bin.2	example_contig_73852	metawrap
bin.2	example_contig_73872	metawrap
bin.2	example_contig_43374	metawrap
bin.2	example_contig_23066	metawrap
bin.2	example_contig_13190	metawrap
bin.2	example_contig_53583	metawrap
bin.2	example_contig_64059	metawrap
bin.2	example_contig_74293	metawrap
bin.2	example_contig_43765	metawrap
bin.2	example_contig_53731	metawrap
bin.2	example_contig_3365	metawrap
bin.2	example_contig_3411	metawrap
bin.2	example_contig_3416	metawrap
bin.2	example_contig_53864	metawrap
bin.2	example_contig_33899	metawrap
bin.2	example_contig_54008	metawrap
bin.2	example_contig_3550	metawrap
bin.2	example_contig_13719	metawrap
bin.2	example_contig_34052	metawrap
bin.2	example_contig_3675	metawrap
bin.2	example_contig_34071	metawrap
bin.2	example_contig_64443	metawrap
bin.2	example_contig_34087	metawrap
bin.2	example_contig_54370	metawrap
bin.2	example_contig_44475	metawrap
bin.2	example_contig_64558	metawrap
bin.2	example_contig_75000	metawrap
bin.2	example_contig_64577	metawrap
bin.2	example_contig_54610	metawrap
bin.2	example_contig_4119	metawrap
bin.2	example_contig_54974	metawrap
bin.2	example_contig_55002	metawrap
bin.2	example_contig_64902	metawrap
bin.2	example_contig_44671	metawrap
bin.2	example_contig_75355	metawrap
bin.2	example_contig_34867	metawrap
bin.2	example_contig_4575	metawrap
bin.2	example_contig_24504	metawrap
bin.2	example_contig_75533	metawrap
bin.2	example_contig_4641	metawrap
bin.2	example_contig_24638	metawrap
bin.2	example_contig_55308	metawrap
bin.2	example_contig_55314	metawrap
bin.2	example_contig_55340	metawrap
bin.2	example_contig_4707	metawrap
bin.2	example_contig_14511	metawrap
bin.2	example_contig_55408	metawrap
bin.2	example_contig_45141	metawrap
bin.2	example_contig_45263	metawrap
bin.2	example_contig_65428	metawrap
bin.2	example_contig_24900	metawrap
bin.2	example_contig_45349	metawrap
bin.2	example_contig_5007	metawrap
bin.2	example_contig_14761	metawrap
bin.2	example_contig_35373	metawrap
bin.2	example_contig_14772	metawrap
bin.2	example_contig_45460	metawrap
bin.2	example_contig_14959	metawrap
bin.2	example_contig_5245	metawrap
bin.2	example_contig_35726	metawrap
bin.2	example_contig_25387	metawrap
bin.2	example_contig_65971	metawrap
bin.2	example_contig_66039	metawrap
bin.2	example_contig_45803	metawrap
bin.2	example_contig_45831	metawrap
bin.2	example_contig_5452	metawrap
bin.2	example_contig_25575	metawrap
bin.2	example_contig_55942	metawrap
bin.2	example_contig_35865	metawrap
bin.2	example_contig_35889	metawrap
bin.2	example_contig_25670	metawrap
bin.2	example_contig_5539	metawrap
bin.2	example_contig_35944	metawrap
bin.2	example_contig_56070	metawrap
bin.2	example_contig_56074	metawrap
bin.2	example_contig_76440	metawrap
bin.2	example_contig_5555	metawrap
bin.2	example_contig_66186	metawrap
bin.2	example_contig_5604	metawrap
bin.2	example_contig_5615	metawrap
bin.2	example_contig_66200	metawrap
bin.2	example_contig_25928	metawrap
bin.2	example_contig_36229	metawrap
bin.2	example_contig_15460	metawrap
bin.2	example_contig_36266	metawrap
bin.2	example_contig_26053	metawrap
bin.2	example_contig_76802	metawrap
bin.2	example_contig_66698	metawrap
bin.2	example_contig_36440	metawrap
bin.2	example_contig_26125	metawrap
bin.2	example_contig_76898	metawrap
bin.2	example_contig_56563	metawrap
bin.2	example_contig_15835	metawrap
bin.2	example_contig_46813	metawrap
bin.2	example_contig_36750	metawrap
bin.2	example_contig_46963	metawrap
bin.2	example_contig_36764	metawrap
bin.2	example_contig_36823	metawrap
bin.2	example_contig_47007	metawrap
bin.2	example_contig_6332	metawrap
bin.2	example_contig_47021	metawrap
bin.2	example_contig_67082	metawrap
bin.2	example_contig_56846	metawrap
bin.2	example_contig_26662	metawrap
bin.2	example_contig_37015	metawrap
bin.2	example_contig_77280	metawrap
bin.2	example_contig_6532	metawrap
bin.2	example_contig_6551	metawrap
bin.2	example_contig_6566	metawrap
bin.2	example_contig_47190	metawrap
bin.2	example_contig_47204	metawrap
bin.2	example_contig_47241	metawrap
bin.2	example_contig_47273	metawrap
bin.2	example_contig_47276	metawrap
bin.2	example_contig_57219	metawrap
bin.2	example_contig_57222	metawrap
bin.2	example_contig_37348	metawrap
bin.2	example_contig_16490	metawrap
bin.2	example_contig_37399	metawrap
bin.2	example_contig_77601	metawrap
bin.2	example_contig_67458	metawrap
bin.2	example_contig_77640	metawrap
bin.2	example_contig_37566	metawrap
bin.2	example_contig_77773	metawrap
bin.2	example_contig_57599	metawrap
bin.2	example_contig_16842	metawrap
bin.2	example_contig_16970	metawrap
bin.2	example_contig_37879	metawrap
bin.2	example_contig_57752	metawrap
bin.2	example_contig_47722	metawrap
bin.2	example_contig_57849	metawrap
bin.2	example_contig_47903	metawrap
bin.2	example_contig_27436	metawrap
bin.2	example_contig_27458	metawrap
bin.2	example_contig_68178	metawrap
bin.2	example_contig_57943	metawrap
bin.2	example_contig_47942	metawrap
bin.2	example_contig_7460	metawrap
bin.2	example_contig_58064	metawrap
bin.2	example_contig_17475	metawrap
bin.2	example_contig_68308	metawrap
bin.2	example_contig_78262	metawrap
bin.2	example_contig_68375	metawrap
bin.2	example_contig_58109	metawrap
bin.2	example_contig_27770	metawrap
bin.2	example_contig_27781	metawrap
bin.2	example_contig_58270	metawrap
bin.2	example_contig_58288	metawrap
bin.2	example_contig_27813	metawrap
bin.2	example_contig_7864	metawrap
bin.2	example_contig_38481	metawrap
bin.2	example_contig_27898	metawrap
bin.2	example_contig_38587	metawrap
bin.2	example_contig_17839	metawrap
bin.2	example_contig_8054	metawrap
bin.2	example_contig_68896	metawrap
bin.2	example_contig_68897	metawrap
bin.2	example_contig_68946	metawrap
bin.2	example_contig_18032	metawrap
bin.2	example_contig_28291	metawrap
bin.2	example_contig_28386	metawrap
bin.2	example_contig_38911	metawrap
bin.2	example_contig_38963	metawrap
bin.2	example_contig_69133	metawrap
bin.2	example_contig_48876	metawrap
bin.2	example_contig_38985	metawrap
bin.2	example_contig_18296	metawrap
bin.2	example_contig_79038	metawrap
bin.2	example_contig_18341	metawrap
bin.2	example_contig_28580	metawrap
bin.2	example_contig_28705	metawrap
bin.2	example_contig_39132	metawrap
bin.2	example_contig_18542	metawrap
bin.2	example_contig_49136	metawrap
bin.2	example_contig_79228	metawrap
bin.2	example_contig_49215	metawrap
bin.2	example_contig_18619	metawrap
bin.2	example_contig_8851	metawrap
bin.2	example_contig_59314	metawrap
bin.2	example_contig_18692	metawrap
bin.2	example_contig_79374	metawrap
bin.2	example_contig_69704	metawrap
bin.2	example_contig_29032	metawrap
bin.2	example_contig_8976	metawrap
bin.2	example_contig_49391	metawrap
bin.2	example_contig_79515	metawrap
bin.2	example_contig_29186	metawrap
bin.2	example_contig_79541	metawrap
bin.2	example_contig_39643	metawrap
bin.2	example_contig_39665	metawrap
bin.2	example_contig_69880	metawrap
bin.2	example_contig_9183	metawrap
bin.2	example_contig_79592	metawrap
bin.2	example_contig_59591	metawrap
bin.2	example_contig_59697	metawrap
bin.2	example_contig_9370	metawrap
bin.2	example_contig_9416	metawrap
bin.2	example_contig_49766	metawrap
bin.2	example_contig_59784	metawrap
bin.2	example_contig_79794	metawrap
bin.2	example_contig_59797	metawrap
bin.2	example_contig_70256	metawrap
bin.2	example_contig_70281	metawrap
bin.2	example_contig_29636	metawrap
bin.2	example_contig_49848	metawrap
bin.2	example_contig_49885	metawrap
bin.2	example_contig_29694	metawrap
bin.2	example_contig_70376	metawrap
bin.2	example_contig_79944	metawrap
bin.2	example_contig_19529	metawrap
bin.2	example_contig_60082	metawrap
bin.2	example_contig_19531	metawrap
bin.2	example_contig_79988	metawrap
bin.2	example_contig_19571	metawrap
bin.2	example_contig_9670	metawrap
bin.2	example_contig_19624	metawrap
bin.2	example_contig_60172	metawrap
bin.2	example_contig_50170	metawrap
bin.2	example_contig_29983	metawrap
bin.2	example_contig_19744	metawrap
bin.2	example_contig_50218	metawrap
bin.2	example_contig_9845	metawrap
bin.2	example_contig_19840	metawrap
bin.2	example_contig_9905	metawrap
bin.2	example_contig_50359	metawrap
bin.2	example_contig_50371	metawrap
bin.2	example_contig_30206	metawrap
bin.2	example_contig_30275	metawrap
bin.2	example_contig_30322	metawrap
bin.2	example_contig_20135	metawrap
bin.2	example_contig_60653	metawrap
bin.2	example_contig_20174	metawrap
bin.2	example_contig_60777	metawrap
bin.2	example_contig_60790	metawrap
bin.2	example_contig_80641	metawrap
bin.2	example_contig_80652	metawrap
bin.2	example_contig_80889	metawrap
bin.3	example_contig_60969	metawrap
bin.3	example_contig_40757	metawrap
bin.3	example_contig_20472	metawrap
bin.3	example_contig_10322	metawrap
bin.3	example_contig_249	metawrap
bin.3	example_contig_71200	metawrap
bin.3	example_contig_50903	metawrap
bin.3	example_contig_40885	metawrap
bin.3	example_contig_40973	metawrap
bin.3	example_contig_30780	metawrap
bin.3	example_contig_71413	metawrap
bin.3	example_contig_10543	metawrap
bin.3	example_contig_471	metawrap
bin.3	example_contig_51139	metawrap
bin.3	example_contig_41103	metawrap
bin.3	example_contig_592	metawrap
bin.3	example_contig_41327	metawrap
bin.3	example_contig_779	metawrap
bin.3	example_contig_71842	metawrap
bin.3	example_contig_31359	metawrap
bin.3	example_contig_51432	metawrap
bin.3	example_contig_846	metawrap
bin.3	example_contig_51499	metawrap
bin.3	example_contig_71930	metawrap
bin.3	example_contig_21292	metawrap
bin.3	example_contig_21304	metawrap
bin.3	example_contig_61878	metawrap
bin.3	example_contig_61884	metawrap
bin.3	example_contig_21322	metawrap
bin.3	example_contig_61977	metawrap
bin.3	example_contig_72264	metawrap
bin.3	example_contig_21511	metawrap
bin.3	example_contig_62042	metawrap
bin.3	example_contig_62106	metawrap
bin.3	example_contig_21593	metawrap
bin.3	example_contig_51971	metawrap
bin.3	example_contig_31805	metawrap
bin.3	example_contig_62244	metawrap
bin.3	example_contig_31916	metawrap
bin.3	example_contig_11699	metawrap
bin.3	example_contig_42077	metawrap
bin.3	example_contig_52151	metawrap
bin.3	example_contig_62401	metawrap
bin.3	example_contig_72675	metawrap
bin.3	example_contig_21898	metawrap
bin.3	example_contig_21958	metawrap
bin.3	example_contig_62618	metawrap
bin.3	example_contig_42330	metawrap
bin.3	example_contig_11944	metawrap
bin.3	example_contig_72922	metawrap
bin.3	example_contig_12038	metawrap
bin.3	example_contig_32289	metawrap
bin.3	example_contig_32437	metawrap
bin.3	example_contig_22298	metawrap
bin.3	example_contig_63105	metawrap
bin.3	example_contig_63108	metawrap
bin.3	example_contig_42643	metawrap
bin.3	example_contig_52724	metawrap
bin.3	example_contig_32652	metawrap
bin.3	example_contig_52771	metawrap
bin.3	example_contig_42857	metawrap
bin.3	example_contig_22534	metawrap
bin.3	example_contig_63367	metawrap
bin.3	example_contig_42937	metawrap
bin.3	example_contig_63385	metawrap
bin.3	example_contig_2518	metawrap
bin.3	example_contig_53022	metawrap
bin.3	example_contig_53029	metawrap
bin.3	example_contig_63540	metawrap
bin.3	example_contig_73772	metawrap
bin.3	example_contig_22904	metawrap
bin.3	example_contig_2720	metawrap
bin.3	example_contig_12906	metawrap
bin.3	example_contig_22986	metawrap
bin.3	example_contig_23036	metawrap
bin.3	example_contig_73992	metawrap
bin.3	example_contig_3193	metawrap
bin.3	example_contig_13275	metawrap
bin.3	example_contig_3264	metawrap
bin.3	example_contig_53646	metawrap
bin.3	example_contig_64220	metawrap
bin.3	example_contig_3379	metawrap
bin.3	example_contig_53895	metawrap
bin.3	example_contig_43929	metawrap
bin.3	example_contig_54028	metawrap
bin.3	example_contig_33947	metawrap
bin.3	example_contig_3635	metawrap
bin.3	example_contig_44150	metawrap
bin.3	example_contig_64516	metawrap
bin.3	example_contig_74920	metawrap
bin.3	example_contig_74991	metawrap
bin.3	example_contig_75034	metawrap
bin.3	example_contig_14028	metawrap
bin.3	example_contig_44609	metawrap
bin.3	example_contig_55136	metawrap
bin.3	example_contig_34877	metawrap
bin.3	example_contig_34912	metawrap
bin.3	example_contig_45021	metawrap
bin.3	example_contig_4706	metawrap
bin.3	example_contig_4713	metawrap
bin.3	example_contig_24780	metawrap
bin.3	example_contig_45128	metawrap
bin.3	example_contig_65379	metawrap
bin.3	example_contig_75828	metawrap
bin.3	example_contig_75834	metawrap
bin.3	example_contig_35239	metawrap
bin.3	example_contig_35263	metawrap
bin.3	example_contig_65496	metawrap
bin.3	example_contig_75920	metawrap
bin.3	example_contig_4998	metawrap
bin.3	example_contig_25139	metawrap
bin.3	example_contig_14845	metawrap
bin.3	example_contig_45488	metawrap
bin.3	example_contig_65833	metawrap
bin.3	example_contig_14957	metawrap
bin.3	example_contig_35634	metawrap
bin.3	example_contig_15000	metawrap
bin.3	example_contig_15034	metawrap
bin.3	example_contig_25450	metawrap
bin.3	example_contig_66029	metawrap
bin.3	example_contig_25505	metawrap
bin.3	example_contig_15137	metawrap
bin.3	example_contig_45807	metawrap
bin.3	example_contig_15224	metawrap
bin.3	example_contig_25818	metawrap
bin.3	example_contig_76524	metawrap
bin.3	example_contig_5840	metawrap
bin.3	example_contig_46400	metawrap
bin.3	example_contig_5929	metawrap
bin.3	example_contig_36338	metawrap
bin.3	example_contig_76765	metawrap
bin.3	example_contig_36366	metawrap
bin.3	example_contig_15610	metawrap
bin.3	example_contig_56606	metawrap
bin.3	example_contig_15841	metawrap
bin.3	example_contig_15860	metawrap
bin.3	example_contig_36665	metawrap
bin.3	example_contig_6182	metawrap
bin.3	example_contig_36689	metawrap
bin.3	example_contig_46920	metawrap
bin.3	example_contig_46935	metawrap
bin.3	example_contig_67040	metawrap
bin.3	example_contig_77162	metawrap
bin.3	example_contig_6271	metawrap
bin.3	example_contig_67050	metawrap
bin.3	example_contig_16241	metawrap
bin.3	example_contig_57023	metawrap
bin.3	example_contig_77315	metawrap
bin.3	example_contig_77367	metawrap
bin.3	example_contig_77478	metawrap
bin.3	example_contig_57245	metawrap
bin.3	example_contig_16605	metawrap
bin.3	example_contig_26969	metawrap
bin.3	example_contig_37554	metawrap
bin.3	example_contig_77659	metawrap
bin.3	example_contig_77683	metawrap
bin.3	example_contig_47479	metawrap
bin.3	example_contig_57515	metawrap
bin.3	example_contig_77722	metawrap
bin.3	example_contig_37636	metawrap
bin.3	example_contig_67696	metawrap
bin.3	example_contig_67823	metawrap
bin.3	example_contig_37840	metawrap
bin.3	example_contig_77848	metawrap
bin.3	example_contig_47666	metawrap
bin.3	example_contig_37896	metawrap
bin.3	example_contig_7226	metawrap
bin.3	example_contig_68093	metawrap
bin.3	example_contig_47876	metawrap
bin.3	example_contig_47931	metawrap
bin.3	example_contig_47932	metawrap
bin.3	example_contig_68212	metawrap
bin.3	example_contig_17394	metawrap
bin.3	example_contig_48141	metawrap
bin.3	example_contig_78432	metawrap
bin.3	example_contig_7760	metawrap
bin.3	example_contig_58278	metawrap
bin.3	example_contig_68671	metawrap
bin.3	example_contig_17729	metawrap
bin.3	example_contig_58402	metawrap
bin.3	example_contig_68746	metawrap
bin.3	example_contig_48490	metawrap
bin.3	example_contig_68779	metawrap
bin.3	example_contig_78718	metawrap
bin.3	example_contig_8000	metawrap
bin.3	example_contig_48680	metawrap
bin.3	example_contig_48682	metawrap
bin.3	example_contig_48781	metawrap
bin.3	example_contig_58800	metawrap
bin.3	example_contig_8419	metawrap
bin.3	example_contig_8474	metawrap
bin.3	example_contig_39032	metawrap
bin.3	example_contig_18333	metawrap
bin.3	example_contig_8596	metawrap
bin.3	example_contig_49153	metawrap
bin.3	example_contig_28857	metawrap
bin.3	example_contig_8781	metawrap
bin.3	example_contig_59289	metawrap
bin.3	example_contig_49262	metawrap
bin.3	example_contig_39342	metawrap
bin.3	example_contig_28942	metawrap
bin.3	example_contig_28961	metawrap
bin.3	example_contig_18685	metawrap
bin.3	example_contig_49353	metawrap
bin.3	example_contig_49380	metawrap
bin.3	example_contig_9151	metawrap
bin.3	example_contig_69901	metawrap
bin.3	example_contig_9206	metawrap
bin.3	example_contig_9224	metawrap
bin.3	example_contig_69931	metawrap
bin.3	example_contig_19111	metawrap
bin.3	example_contig_79710	metawrap
bin.3	example_contig_39871	metawrap
bin.3	example_contig_9450	metawrap
bin.3	example_contig_49804	metawrap
bin.3	example_contig_29836	metawrap
bin.3	example_contig_70531	metawrap
bin.3	example_contig_19618	metawrap
bin.3	example_contig_60168	metawrap
bin.3	example_contig_30030	metawrap
bin.3	example_contig_19815	metawrap
bin.3	example_contig_40402	metawrap
bin.3	example_contig_60380	metawrap
bin.3	example_contig_70681	metawrap
bin.3	example_contig_30185	metawrap
bin.3	example_contig_60583	metawrap
bin.3	example_contig_10115	metawrap
bin.3	example_contig_30336	metawrap
bin.3	example_contig_30356	metawrap
bin.3	example_contig_30386	metawrap
bin.3	example_contig_81016	metawrap
bin.4	example_contig_74070	metawrap
bin.4	example_contig_55222	metawrap
bin.4	example_contig_31896	metawrap
bin.4	example_contig_53359	metawrap
bin.4	example_contig_34609	metawrap
bin.4	example_contig_37596	metawrap
bin.4	example_contig_35414	metawrap
bin.4	example_contig_20525	metawrap
bin.4	example_contig_29123	metawrap
bin.4	example_contig_52437	metawrap
bin.4	example_contig_47456	metawrap
bin.4	example_contig_23092	metawrap
bin.4	example_contig_77997	metawrap
bin.4	example_contig_21425	metawrap
bin.4	example_contig_75171	metawrap
bin.4	example_contig_13121	metawrap
bin.4	example_contig_72381	metawrap
bin.4	example_contig_33155	metawrap
bin.4	example_contig_33388	metawrap
bin.4	example_contig_28973	metawrap
bin.4	example_contig_54220	metawrap
bin.4	example_contig_21158	metawrap
bin.4	example_contig_63864	metawrap
bin.4	example_contig_52173	metawrap
bin.4	example_contig_13193	metawrap
bin.4	example_contig_39879	metawrap
bin.4	example_contig_60559	metawrap
bin.4	example_contig_30555	metawrap
bin.4	example_contig_9359	metawrap
bin.4	example_contig_30872	metawrap
bin.4	example_contig_18416	metawrap
bin.4	example_contig_29974	metawrap
bin.4	example_contig_78104	metawrap
bin.4	example_contig_48286	metawrap
bin.4	example_contig_4783	metawrap
bin.4	example_contig_25661	metawrap
bin.4	example_contig_49857	metawrap
bin.4	example_contig_5100	metawrap
bin.4	example_contig_54002	metawrap
bin.4	example_contig_29561	metawrap
bin.4	example_contig_42189	metawrap
bin.4	example_contig_35656	metawrap
bin.4	example_contig_76193	metawrap
bin.4	example_contig_70598	metawrap
bin.4	example_contig_2143	metawrap
bin.4	example_contig_63305	metawrap
bin.4	example_contig_78515	metawrap
bin.4	example_contig_61867	metawrap
bin.4	example_contig_9934	metawrap
bin.4	example_contig_76943	metawrap
bin.4	example_contig_45988	metawrap
bin.4	example_contig_70097	metawrap
bin.4	example_contig_3882	metawrap
bin.4	example_contig_35597	metawrap
bin.4	example_contig_15246	metawrap
bin.4	example_contig_67204	metawrap
bin.4	example_contig_14036	metawrap
bin.4	example_contig_40009	metawrap
bin.4	example_contig_63536	metawrap
bin.4	example_contig_65110	metawrap
bin.4	example_contig_12006	metawrap
bin.4	example_contig_29486	metawrap
bin.4	example_contig_78008	metawrap
bin.4	example_contig_9613	metawrap
bin.4	example_contig_72178	metawrap
bin.4	example_contig_79734	metawrap
bin.4	example_contig_18986	metawrap
bin.4	example_contig_17351	metawrap
bin.4	example_contig_18473	metawrap
bin.4	example_contig_57567	metawrap
bin.4	example_contig_78318	metawrap
bin.4	example_contig_58140	metawrap
bin.4	example_contig_74125	metawrap
bin.4	example_contig_56923	metawrap
bin.4	example_contig_31992	metawrap
bin.4	example_contig_42625	metawrap
bin.4	example_contig_64314	metawrap
bin.4	example_contig_65773	metawrap
bin.4	example_contig_50082	metawrap
bin.4	example_contig_20430	metawrap
bin.4	example_contig_12228	metawrap
bin.4	example_contig_77851	metawrap
bin.4	example_contig_3443	metawrap
bin.4	example_contig_44269	metawrap
bin.4	example_contig_26069	metawrap
bin.4	example_contig_26943	metawrap
bin.4	example_contig_24819	metawrap
bin.4	example_contig_79580	metawrap
bin.4	example_contig_67089	metawrap
bin.4	example_contig_43044	metawrap
bin.4	example_contig_73247	metawrap
bin.4	example_contig_3055	metawrap
bin.4	example_contig_43091	metawrap
bin.4	example_contig_29902	metawrap
bin.4	example_contig_59278	metawrap
bin.4	example_contig_56226	metawrap
bin.4	example_contig_57061	metawrap
bin.4	example_contig_16313	metawrap
bin.4	example_contig_26980	metawrap
bin.4	example_contig_13756	metawrap
bin.4	example_contig_2995	metawrap
bin.4	example_contig_38461	metawrap
bin.4	example_contig_47301	metawrap
bin.4	example_contig_75472	metawrap
bin.4	example_contig_38611	metawrap
bin.4	example_contig_37952	metawrap
bin.4	example_contig_5107	metawrap
bin.4	example_contig_401	metawrap
bin.4	example_contig_75068	metawrap
bin.4	example_contig_70812	metawrap
bin.4	example_contig_64252	metawrap
bin.4	example_contig_55229	metawrap
bin.4	example_contig_27374	metawrap
bin.4	example_contig_55704	metawrap
bin.4	example_contig_74047	metawrap
bin.4	example_contig_31663	metawrap
bin.4	example_contig_34576	metawrap
bin.4	example_contig_61196	metawrap
bin.4	example_contig_9924	metawrap
bin.4	example_contig_16817	metawrap
bin.4	example_contig_33401	metawrap
bin.4	example_contig_64099	metawrap
bin.4	example_contig_68154	metawrap
bin.4	example_contig_57336	metawrap
bin.4	example_contig_20540	metawrap
bin.4	example_contig_526	metawrap
bin.4	example_contig_12280	metawrap
bin.4	example_contig_66730	metawrap
bin.4	example_contig_52958	metawrap
bin.4	example_contig_42535	metawrap
bin.4	example_contig_5061	metawrap
bin.4	example_contig_70710	metawrap
bin.4	example_contig_21339	metawrap
bin.4	example_contig_30272	metawrap
bin.4	example_contig_1836	metawrap
bin.4	example_contig_41478	metawrap
bin.4	example_contig_11191	metawrap
bin.4	example_contig_42880	metawrap
bin.4	example_contig_15902	metawrap
bin.4	example_contig_58547	metawrap
bin.4	example_contig_24481	metawrap
bin.4	example_contig_19032	metawrap
bin.4	example_contig_37072	metawrap
bin.4	example_contig_78537	metawrap
bin.4	example_contig_70799	metawrap
bin.4	example_contig_75195	metawrap
bin.4	example_contig_49591	metawrap
bin.4	example_contig_31551	metawrap
bin.4	example_contig_6266	metawrap
bin.4	example_contig_26104	metawrap
bin.4	example_contig_291	metawrap
bin.4	example_contig_30549	metawrap
bin.4	example_contig_69596	metawrap
bin.4	example_contig_76831	metawrap
bin.4	example_contig_17971	metawrap
bin.4	example_contig_52118	metawrap
bin.4	example_contig_80288	metawrap
bin.4	example_contig_62105	metawrap
bin.4	example_contig_29614	metawrap
bin.4	example_contig_80121	metawrap
bin.4	example_contig_78551	metawrap
bin.4	example_contig_48936	metawrap
bin.4	example_contig_72113	metawrap
bin.4	example_contig_55740	metawrap
bin.4	example_contig_54895	metawrap
bin.4	example_contig_61611	metawrap
bin.4	example_contig_1484	metawrap
bin.4	example_contig_31115	metawrap
bin.4	example_contig_23700	metawrap
bin.4	example_contig_71846	metawrap
bin.4	example_contig_21974	metawrap
bin.4	example_contig_32234	metawrap
bin.4	example_contig_76458	metawrap
bin.4	example_contig_330	metawrap
bin.4	example_contig_11549	metawrap
bin.4	example_contig_55578	metawrap
bin.4	example_contig_74213	metawrap
bin.4	example_contig_12476	metawrap
bin.4	example_contig_27007	metawrap
bin.4	example_contig_62282	metawrap
bin.4	example_contig_23323	metawrap
bin.4	example_contig_34738	metawrap
bin.4	example_contig_72136	metawrap
bin.4	example_contig_60002	metawrap
bin.4	example_contig_53766	metawrap
bin.4	example_contig_51621	metawrap
bin.4	example_contig_3441	metawrap
bin.4	example_contig_59923	metawrap
bin.4	example_contig_60424	metawrap
bin.4	example_contig_14644	metawrap
bin.4	example_contig_72056	metawrap
bin.4	example_contig_80664	metawrap
bin.4	example_contig_40080	metawrap
bin.4	example_contig_22082	metawrap
bin.4	example_contig_76367	metawrap
bin.4	example_contig_2110	metawrap
bin.4	example_contig_10085	metawrap
bin.4	example_contig_52002	metawrap
bin.4	example_contig_51386	metawrap
bin.4	example_contig_79683	metawrap
bin.4	example_contig_25144	metawrap
bin.4	example_contig_17407	metawrap
bin.4	example_contig_61165	metawrap
bin.4	example_contig_32069	metawrap
bin.4	example_contig_41903	metawrap
bin.4	example_contig_55230	metawrap
bin.4	example_contig_2333	metawrap
bin.4	example_contig_48785	metawrap
bin.4	example_contig_4276	metawrap
bin.4	example_contig_63151	metawrap
bin.4	example_contig_31475	metawrap
bin.4	example_contig_11611	metawrap
bin.4	example_contig_26552	metawrap
bin.4	example_contig_40419	metawrap
bin.4	example_contig_42849	metawrap
bin.4	example_contig_7324	metawrap
bin.4	example_contig_22598	metawrap
bin.4	example_contig_38732	metawrap
bin.4	example_contig_41774	metawrap
bin.4	example_contig_16250	metawrap
bin.4	example_contig_42310	metawrap
bin.4	example_contig_72664	metawrap
bin.4	example_contig_11066	metawrap
bin.4	example_contig_10635	metawrap
bin.4	example_contig_3778	metawrap
bin.4	example_contig_21718	metawrap
bin.4	example_contig_14802	metawrap
bin.4	example_contig_66801	metawrap
bin.4	example_contig_21031	metawrap
bin.4	example_contig_72454	metawrap
bin.4	example_contig_3035	metawrap
bin.4	example_contig_20834	metawrap
bin.4	example_contig_24401	metawrap
bin.4	example_contig_49866	metawrap
bin.4	example_contig_27102	metawrap
bin.4	example_contig_68382	metawrap
bin.4	example_contig_58410	metawrap
bin.4	example_contig_62001	metawrap
bin.4	example_contig_77286	metawrap
bin.4	example_contig_19189	metawrap
bin.4	example_contig_3522	metawrap
bin.4	example_contig_12253	metawrap
bin.4	example_contig_35639	metawrap
bin.4	example_contig_68654	metawrap
bin.4	example_contig_10681	metawrap
bin.4	example_contig_75082	metawrap
bin.4	example_contig_60820	metawrap
bin.4	example_contig_6930	metawrap
bin.4	example_contig_70443	metawrap
bin.4	example_contig_17664	metawrap
bin.4	example_contig_50351	metawrap
bin.4	example_contig_28668	metawrap
bin.4	example_contig_23802	metawrap
bin.4	example_contig_73054	metawrap
bin.4	example_contig_20503	metawrap
bin.5	example_contig_10881	metawrap
bin.5	example_contig_26905	metawrap
bin.5	example_contig_41776	metawrap
bin.5	example_contig_80473	metawrap
bin.5	example_contig_35733	metawrap
bin.5	example_contig_69367	metawrap
bin.5	example_contig_24555	metawrap
bin.5	example_contig_1353	metawrap
bin.5	example_contig_73101	metawrap
bin.5	example_contig_63708	metawrap
bin.5	example_contig_47212	metawrap
bin.5	example_contig_70434	metawrap
bin.5	example_contig_8741	metawrap
bin.5	example_contig_3973	metawrap
bin.5	example_contig_7039	metawrap
bin.5	example_contig_6339	metawrap
bin.5	example_contig_582	metawrap
bin.5	example_contig_43381	metawrap
bin.5	example_contig_56771	metawrap
bin.5	example_contig_43379	metawrap
bin.5	example_contig_69137	metawrap
bin.5	example_contig_68882	metawrap
bin.5	example_contig_16174	metawrap
bin.5	example_contig_13833	metawrap
bin.5	example_contig_76808	metawrap
bin.5	example_contig_3445	metawrap
bin.5	example_contig_58938	metawrap
bin.5	example_contig_73673	metawrap
bin.5	example_contig_32546	metawrap
bin.5	example_contig_78395	metawrap
bin.5	example_contig_10861	metawrap
bin.5	example_contig_40085	metawrap
bin.5	example_contig_48473	metawrap
bin.5	example_contig_28662	metawrap
bin.5	example_contig_14734	metawrap
bin.5	example_contig_64787	metawrap
bin.5	example_contig_23644	metawrap
bin.5	example_contig_9537	metawrap
bin.5	example_contig_58801	metawrap
bin.5	example_contig_1918	metawrap
bin.5	example_contig_28411	metawrap
bin.5	example_contig_79810	metawrap
bin.5	example_contig_46113	metawrap
bin.5	example_contig_493	metawrap
bin.5	example_contig_73628	metawrap
bin.5	example_contig_27432	metawrap
bin.5	example_contig_26799	metawrap
bin.5	example_contig_51101	metawrap
bin.5	example_contig_67176	metawrap
bin.5	example_contig_10916	metawrap
bin.5	example_contig_13449	metawrap
bin.5	example_contig_65192	metawrap
bin.5	example_contig_35255	metawrap
bin.5	example_contig_28005	metawrap
bin.5	example_contig_63849	metawrap
bin.5	example_contig_27945	metawrap
bin.5	example_contig_46834	metawrap
bin.5	example_contig_45321	metawrap
bin.5	example_contig_27101	metawrap
bin.5	example_contig_29445	metawrap
bin.5	example_contig_32293	metawrap
bin.5	example_contig_24263	metawrap
bin.5	example_contig_36363	metawrap
bin.5	example_contig_72950	metawrap
bin.5	example_contig_7783	metawrap
bin.5	example_contig_12419	metawrap
bin.5	example_contig_32953	metawrap
bin.5	example_contig_32351	metawrap
bin.5	example_contig_56217	metawrap
bin.5	example_contig_49365	metawrap
bin.5	example_contig_52846	metawrap
bin.5	example_contig_32471	metawrap
bin.5	example_contig_42463	metawrap
bin.5	example_contig_31797	metawrap
bin.5	example_contig_33120	metawrap
bin.5	example_contig_31106	metawrap
bin.5	example_contig_72182	metawrap
bin.5	example_contig_24668	metawrap
bin.5	example_contig_359	metawrap
bin.5	example_contig_18068	metawrap
bin.5	example_contig_36219	metawrap
bin.5	example_contig_7872	metawrap
bin.5	example_contig_10940	metawrap
bin.5	example_contig_78102	metawrap
bin.5	example_contig_53946	metawrap
bin.5	example_contig_78394	metawrap
bin.5	example_contig_42405	metawrap
bin.5	example_contig_47466	metawrap
bin.5	example_contig_68169	metawrap
bin.5	example_contig_10640	metawrap
bin.5	example_contig_47318	metawrap
bin.5	example_contig_16747	metawrap
bin.5	example_contig_14306	metawrap
bin.5	example_contig_54506	metawrap
bin.5	example_contig_64342	metawrap
bin.5	example_contig_32936	metawrap
bin.5	example_contig_8104	metawrap
bin.5	example_contig_1688	metawrap
bin.5	example_contig_9675	metawrap
bin.5	example_contig_27920	metawrap
bin.5	example_contig_17764	metawrap
bin.5	example_contig_29993	metawrap
bin.5	example_contig_43785	metawrap
bin.5	example_contig_9505	metawrap
bin.5	example_contig_74240	metawrap
bin.5	example_contig_57132	metawrap
bin.5	example_contig_49398	metawrap
bin.5	example_contig_10630	metawrap
bin.5	example_contig_57329	metawrap
bin.5	example_contig_21329	metawrap
bin.5	example_contig_48532	metawrap
bin.5	example_contig_39018	metawrap
bin.5	example_contig_45279	metawrap
bin.5	example_contig_30997	metawrap
bin.5	example_contig_1849	metawrap
bin.5	example_contig_74617	metawrap
bin.5	example_contig_22946	metawrap
bin.5	example_contig_35287	metawrap
bin.5	example_contig_21364	metawrap
bin.5	example_contig_72380	metawrap
bin.5	example_contig_23844	metawrap
bin.5	example_contig_75313	metawrap
bin.5	example_contig_2131	metawrap
bin.5	example_contig_78746	metawrap
bin.5	example_contig_21140	metawrap
bin.5	example_contig_77846	metawrap
bin.5	example_contig_68593	metawrap
bin.5	example_contig_44780	metawrap
bin.5	example_contig_36694	metawrap
bin.5	example_contig_13178	metawrap
bin.5	example_contig_72996	metawrap
bin.5	example_contig_10726	metawrap
bin.5	example_contig_79741	metawrap
bin.5	example_contig_2429	metawrap
bin.5	example_contig_3894	metawrap
bin.5	example_contig_79859	metawrap
bin.5	example_contig_68252	metawrap
bin.5	example_contig_59333	metawrap
bin.5	example_contig_24222	metawrap
bin.5	example_contig_65434	metawrap
bin.5	example_contig_52245	metawrap
bin.5	example_contig_27298	metawrap
bin.5	example_contig_34902	metawrap
bin.5	example_contig_22263	metawrap
bin.5	example_contig_71890	metawrap
bin.5	example_contig_57898	metawrap
bin.5	example_contig_14388	metawrap
bin.5	example_contig_26906	metawrap
bin.5	example_contig_77935	metawrap
bin.5	example_contig_64735	metawrap
bin.5	example_contig_46913	metawrap
bin.5	example_contig_77452	metawrap
bin.5	example_contig_70518	metawrap
bin.6	example_contig_13943	metawrap
bin.6	example_contig_30913	metawrap
bin.6	example_contig_57083	metawrap
bin.6	example_contig_29070	metawrap
bin.6	example_contig_5892	metawrap
bin.6	example_contig_15458	metawrap
bin.6	example_contig_66470	metawrap
bin.6	example_contig_60469	metawrap
bin.6	example_contig_13834	metawrap
bin.6	example_contig_21182	metawrap
bin.6	example_contig_51961	metawrap
bin.6	example_contig_53653	metawrap
bin.6	example_contig_70438	metawrap
bin.6	example_contig_73173	metawrap
bin.6	example_contig_22637	metawrap
bin.6	example_contig_67355	metawrap
bin.6	example_contig_18765	metawrap
bin.6	example_contig_52978	metawrap
bin.6	example_contig_739	metawrap
bin.6	example_contig_3750	metawrap
bin.6	example_contig_3344	metawrap
bin.6	example_contig_43728	metawrap
bin.6	example_contig_68422	metawrap
bin.6	example_contig_7192	metawrap
bin.6	example_contig_8465	metawrap
bin.6	example_contig_43608	metawrap
bin.6	example_contig_61685	metawrap
bin.6	example_contig_25872	metawrap
bin.6	example_contig_30654	metawrap
bin.6	example_contig_54356	metawrap
bin.6	example_contig_55839	metawrap
bin.6	example_contig_13792	metawrap
bin.6	example_contig_27817	metawrap
bin.6	example_contig_31791	metawrap
bin.6	example_contig_12344	metawrap
bin.6	example_contig_27671	metawrap
bin.6	example_contig_69340	metawrap
bin.6	example_contig_68283	metawrap
bin.6	example_contig_70026	metawrap
bin.6	example_contig_61661	metawrap
bin.6	example_contig_40608	metawrap
bin.6	example_contig_25071	metawrap
bin.6	example_contig_3249	metawrap
bin.6	example_contig_23678	metawrap
bin.6	example_contig_10288	metawrap
bin.6	example_contig_73467	metawrap
bin.6	example_contig_12714	metawrap
bin.6	example_contig_71414	metawrap
bin.6	example_contig_64296	metawrap
bin.6	example_contig_13414	metawrap
bin.6	example_contig_3322	metawrap
bin.6	example_contig_71724	metawrap
bin.6	example_contig_44667	metawrap
bin.6	example_contig_76157	metawrap
bin.6	example_contig_74817	metawrap
bin.6	example_contig_76430	metawrap
bin.6	example_contig_5041	metawrap
bin.6	example_contig_81030	metawrap
bin.6	example_contig_24007	metawrap
bin.6	example_contig_39485	metawrap
bin.6	example_contig_62918	metawrap
bin.6	example_contig_15580	metawrap
bin.6	example_contig_45333	metawrap
bin.6	example_contig_31079	metawrap
bin.6	example_contig_68223	metawrap
bin.6	example_contig_41058	metawrap
bin.6	example_contig_3301	metawrap
bin.6	example_contig_15784	metawrap
bin.6	example_contig_37768	metawrap
bin.6	example_contig_75771	metawrap
bin.6	example_contig_63972	metawrap
bin.6	example_contig_36806	metawrap
bin.6	example_contig_5507	metawrap
bin.6	example_contig_4928	metawrap
bin.6	example_contig_40969	metawrap
bin.6	example_contig_58188	metawrap
bin.6	example_contig_14538	metawrap
bin.6	example_contig_57650	metawrap
bin.6	example_contig_13948	metawrap
bin.6	example_contig_63029	metawrap
bin.6	example_contig_35878	metawrap
bin.6	example_contig_67207	metawrap
bin.6	example_contig_38285	metawrap
bin.6	example_contig_75945	metawrap
bin.6	example_contig_161	metawrap
bin.6	example_contig_30925	metawrap
bin.6	example_contig_23960	metawrap
bin.6	example_contig_22285	metawrap
bin.6	example_contig_71796	metawrap
bin.6	example_contig_25473	metawrap
bin.6	example_contig_39077	metawrap
bin.6	example_contig_32996	metawrap
bin.6	example_contig_31291	metawrap
bin.6	example_contig_10902	metawrap
bin.6	example_contig_17623	metawrap
bin.6	example_contig_40174	metawrap
bin.6	example_contig_20345	metawrap
bin.6	example_contig_73435	metawrap
bin.6	example_contig_78863	metawrap
bin.6	example_contig_2450	metawrap
bin.6	example_contig_25836	metawrap
bin.6	example_contig_35484	metawrap
bin.6	example_contig_39306	metawrap
bin.6	example_contig_13476	metawrap
bin.6	example_contig_77096	metawrap
bin.6	example_contig_31755	metawrap
bin.6	example_contig_67533	metawrap
bin.6	example_contig_37652	metawrap
bin.6	example_contig_43524	metawrap
bin.6	example_contig_10877	metawrap
bin.6	example_contig_1685	metawrap
bin.6	example_contig_24375	metawrap
bin.6	example_contig_64372	metawrap
bin.6	example_contig_3104	metawrap
bin.6	example_contig_17302	metawrap
bin.6	example_contig_72531	metawrap
bin.6	example_contig_58078	metawrap
bin.6	example_contig_25881	metawrap
bin.6	example_contig_73794	metawrap
bin.6	example_contig_55814	metawrap
bin.6	example_contig_945	metawrap
bin.6	example_contig_25238	metawrap
bin.6	example_contig_77193	metawrap
bin.6	example_contig_21954	metawrap
bin.6	example_contig_44608	metawrap
bin.6	example_contig_60585	metawrap
bin.6	example_contig_75802	metawrap
bin.6	example_contig_79917	metawrap
bin.6	example_contig_61295	metawrap
bin.6	example_contig_51979	metawrap
bin.6	example_contig_70399	metawrap
bin.6	example_contig_80444	metawrap
bin.6	example_contig_49470	metawrap
bin.6	example_contig_14456	metawrap
bin.6	example_contig_39795	metawrap
bin.6	example_contig_12065	metawrap
bin.6	example_contig_13081	metawrap
bin.6	example_contig_68045	metawrap
bin.6	example_contig_41003	metawrap
bin.6	example_contig_52695	metawrap
bin.6	example_contig_42623	metawrap
bin.6	example_contig_25285	metawrap
bin.6	example_contig_44672	metawrap
bin.6	example_contig_40748	metawrap
bin.6	example_contig_22341	metawrap
bin.6	example_contig_22105	metawrap
bin.6	example_contig_35280	metawrap
bin.6	example_contig_29524	metawrap
bin.6	example_contig_8622	metawrap
bin.6	example_contig_59560	metawrap
bin.6	example_contig_72591	metawrap
bin.6	example_contig_70222	metawrap
bin.6	example_contig_29813	metawrap
bin.7	example_contig_75548	metawrap
bin.7	example_contig_47907	metawrap
bin.7	example_contig_25812	metawrap
bin.7	example_contig_47421	metawrap
bin.7	example_contig_33903	metawrap
bin.7	example_contig_57934	metawrap
bin.7	example_contig_14163	metawrap
bin.7	example_contig_24094	metawrap
bin.7	example_contig_45641	metawrap
bin.7	example_contig_42220	metawrap
bin.7	example_contig_45120	metawrap
bin.7	example_contig_64454	metawrap
bin.7	example_contig_34200	metawrap
bin.7	example_contig_31705	metawrap
bin.7	example_contig_18962	metawrap
bin.7	example_contig_12268	metawrap
bin.7	example_contig_51716	metawrap
bin.7	example_contig_65080	metawrap
bin.7	example_contig_30405	metawrap
bin.7	example_contig_35860	metawrap
bin.7	example_contig_26823	metawrap
bin.7	example_contig_49864	metawrap
bin.7	example_contig_43015	metawrap
bin.7	example_contig_6890	metawrap
bin.7	example_contig_17634	metawrap
bin.7	example_contig_17168	metawrap
bin.7	example_contig_36029	metawrap
bin.7	example_contig_45434	metawrap
bin.7	example_contig_79465	metawrap
bin.7	example_contig_42718	metawrap
bin.7	example_contig_44051	metawrap
bin.7	example_contig_29484	metawrap
bin.7	example_contig_38840	metawrap
bin.7	example_contig_6134	metawrap
bin.7	example_contig_10909	metawrap
bin.7	example_contig_76416	metawrap
bin.7	example_contig_23520	metawrap
bin.7	example_contig_75155	metawrap
bin.7	example_contig_25353	metawrap
bin.7	example_contig_33741	metawrap
bin.7	example_contig_33229	metawrap
bin.7	example_contig_47169	metawrap
bin.7	example_contig_6589	metawrap
bin.7	example_contig_55955	metawrap
bin.7	example_contig_41172	metawrap
bin.7	example_contig_23869	metawrap
bin.7	example_contig_66180	metawrap
bin.7	example_contig_71126	metawrap
bin.7	example_contig_59305	metawrap
bin.7	example_contig_12939	metawrap
bin.7	example_contig_14142	metawrap
bin.7	example_contig_72280	metawrap
bin.7	example_contig_58305	metawrap
bin.7	example_contig_74737	metawrap
bin.7	example_contig_1738	metawrap
bin.7	example_contig_43927	metawrap
bin.7	example_contig_4645	metawrap
bin.7	example_contig_62567	metawrap
bin.7	example_contig_74829	metawrap
bin.7	example_contig_55116	metawrap
bin.7	example_contig_17880	metawrap
bin.7	example_contig_77377	metawrap
bin.7	example_contig_44518	metawrap
bin.7	example_contig_71793	metawrap
bin.7	example_contig_31182	metawrap
bin.7	example_contig_6457	metawrap
bin.7	example_contig_24057	metawrap
bin.7	example_contig_44304	metawrap
bin.7	example_contig_52402	metawrap
bin.7	example_contig_8971	metawrap
bin.7	example_contig_32475	metawrap
bin.7	example_contig_32587	metawrap
bin.7	example_contig_17610	metawrap
bin.7	example_contig_50109	metawrap
bin.7	example_contig_38981	metawrap
bin.7	example_contig_11314	metawrap
bin.7	example_contig_35640	metawrap
bin.7	example_contig_56783	metawrap
bin.7	example_contig_59411	metawrap
bin.8	example_contig_11661	metawrap
bin.8	example_contig_71571	metawrap
bin.8	example_contig_70599	metawrap
bin.8	example_contig_22462	metawrap
bin.8	example_contig_47783	metawrap
bin.8	example_contig_52066	metawrap
bin.8	example_contig_74414	metawrap
bin.8	example_contig_15020	metawrap
bin.8	example_contig_12257	metawrap
bin.8	example_contig_35318	metawrap
bin.8	example_contig_21794	metawrap
bin.8	example_contig_30951	metawrap
bin.8	example_contig_35945	metawrap
bin.8	example_contig_32708	metawrap
bin.8	example_contig_52162	metawrap
bin.8	example_contig_15513	metawrap
bin.8	example_contig_23278	metawrap
bin.8	example_contig_10497	metawrap
bin.8	example_contig_5113	metawrap
bin.8	example_contig_29287	metawrap
bin.8	example_contig_67415	metawrap
bin.8	example_contig_1792	metawrap
bin.8	example_contig_1275	metawrap
bin.8	example_contig_39906	metawrap
bin.8	example_contig_57280	metawrap
bin.8	example_contig_1559	metawrap
bin.8	example_contig_71919	metawrap
bin.8	example_contig_77345	metawrap
bin.8	example_contig_63141	metawrap
bin.8	example_contig_100	metawrap
bin.8	example_contig_77781	metawrap
bin.8	example_contig_60443	metawrap
bin.8	example_contig_4198	metawrap
bin.8	example_contig_56292	metawrap
bin.8	example_contig_74080	metawrap
bin.8	example_contig_71344	metawrap
bin.8	example_contig_32372	metawrap
bin.8	example_contig_28737	metawrap
bin.8	example_contig_27052	metawrap
bin.8	example_contig_44632	metawrap
bin.8	example_contig_14213	metawrap
bin.8	example_contig_32273	metawrap
bin.8	example_contig_69891	metawrap
bin.8	example_contig_44582	metawrap
bin.8	example_contig_23854	metawrap
bin.8	example_contig_19039	metawrap
bin.8	example_contig_61640	metawrap
bin.8	example_contig_60000	metawrap
bin.8	example_contig_38945	metawrap
bin.8	example_contig_68961	metawrap
bin.8	example_contig_4725	metawrap
bin.8	example_contig_17105	metawrap
bin.8	example_contig_26612	metawrap
bin.8	example_contig_46755	metawrap
bin.8	example_contig_40742	metawrap
bin.8	example_contig_11673	metawrap
bin.8	example_contig_43933	metawrap
bin.8	example_contig_57435	metawrap
bin.8	example_contig_17541	metawrap
bin.8	example_contig_15130	metawrap
bin.8	example_contig_73073	metawrap
bin.8	example_contig_31631	metawrap
bin.8	example_contig_61809	metawrap
bin.8	example_contig_12139	metawrap
bin.8	example_contig_1763	metawrap
bin.8	example_contig_1785	metawrap
bin.8	example_contig_1442	metawrap
bin.8	example_contig_76080	metawrap
bin.8	example_contig_21156	metawrap
bin.8	example_contig_76324	metawrap
bin.8	example_contig_46716	metawrap
bin.8	example_contig_4742	metawrap
bin.8	example_contig_9196	metawrap
bin.8	example_contig_43231	metawrap
bin.8	example_contig_69834	metawrap
bin.8	example_contig_75055	metawrap
bin.8	example_contig_10834	metawrap
bin.8	example_contig_45472	metawrap
bin.8	example_contig_52158	metawrap
bin.8	example_contig_64004	metawrap
bin.8	example_contig_56139	metawrap
bin.8	example_contig_75664	metawrap
bin.8	example_contig_13011	metawrap
bin.8	example_contig_70569	metawrap
bin.8	example_contig_46161	metawrap
bin.8	example_contig_74972	metawrap
bin.8	example_contig_43402	metawrap
bin.8	example_contig_56490	metawrap
bin.8	example_contig_18175	metawrap
bin.8	example_contig_4491	metawrap
bin.8	example_contig_73033	metawrap
bin.8	example_contig_72123	metawrap
bin.8	example_contig_53786	metawrap
bin.8	example_contig_13379	metawrap
bin.8	example_contig_59635	metawrap
bin.8	example_contig_9465	metawrap
bin.8	example_contig_31245	metawrap
bin.8	example_contig_70230	metawrap
bin.8	example_contig_78433	metawrap
bin.8	example_contig_69360	metawrap
bin.8	example_contig_13495	metawrap
bin.8	example_contig_76336	metawrap
bin.8	example_contig_55192	metawrap
bin.8	example_contig_47564	metawrap
bin.8	example_contig_75104	metawrap
bin.8	example_contig_42775	metawrap
bin.8	example_contig_58764	metawrap
bin.8	example_contig_38040	metawrap
bin.8	example_contig_55239	metawrap
bin.8	example_contig_22960	metawrap
bin.8	example_contig_9097	metawrap
bin.8	example_contig_39116	metawrap
bin.8	example_contig_23294	metawrap
bin.8	example_contig_76252	metawrap
bin.8	example_contig_10174	metawrap
bin.8	example_contig_24140	metawrap
bin.8	example_contig_220	metawrap
bin.8	example_contig_22233	metawrap
bin.8	example_contig_30271	metawrap
bin.8	example_contig_16064	metawrap
bin.8	example_contig_33285	metawrap
bin.8	example_contig_58001	metawrap
bin.8	example_contig_4682	metawrap
bin.8	example_contig_57532	metawrap
bin.8	example_contig_18131	metawrap
bin.8	example_contig_64035	metawrap
bin.8	example_contig_55467	metawrap
bin.8	example_contig_71212	metawrap
bin.8	example_contig_69911	metawrap
bin.8	example_contig_68466	metawrap
bin.8	example_contig_73489	metawrap
bin.8	example_contig_63179	metawrap
bin.8	example_contig_57522	metawrap
bin.8	example_contig_50957	metawrap
bin.8	example_contig_2505	metawrap
bin.8	example_contig_56119	metawrap
bin.8	example_contig_72354	metawrap
bin.8	example_contig_75858	metawrap
bin.8	example_contig_19205	metawrap
bin.8	example_contig_8157	metawrap
bin.8	example_contig_18145	metawrap
bin.8	example_contig_42371	metawrap
bin.8	example_contig_25163	metawrap
bin.8	example_contig_3184	metawrap
bin.8	example_contig_53101	metawrap
bin.8	example_contig_76273	metawrap
bin.8	example_contig_22569	metawrap
bin.8	example_contig_40364	metawrap
bin.8	example_contig_75216	metawrap
bin.8	example_contig_39977	metawrap
bin.8	example_contig_36484	metawrap
bin.8	example_contig_78350	metawrap
bin.8	example_contig_34826	metawrap
bin.8	example_contig_34239	metawrap
bin.8	example_contig_7982	metawrap
bin.8	example_contig_50813	metawrap
bin.8	example_contig_33065	metawrap
bin.8	example_contig_51985	metawrap
bin.8	example_contig_64218	metawrap
bin.8	example_contig_50212	metawrap
bin.8	example_contig_69438	metawrap
bin.8	example_contig_13092	metawrap
bin.8	example_contig_48614	metawrap
bin.8	example_contig_30675	metawrap
bin.8	example_contig_32141	metawrap
bin.8	example_contig_2127	metawrap
bin.8	example_contig_56136	metawrap
bin.8	example_contig_46278	metawrap
bin.8	example_contig_70135	metawrap
bin.8	example_contig_30852	metawrap
bin.8	example_contig_38738	metawrap
bin.8	example_contig_38230	metawrap
bin.8	example_contig_39078	metawrap
bin.8	example_contig_3983	metawrap
bin.8	example_contig_8064	metawrap
bin.8	example_contig_2654	metawrap
bin.8	example_contig_63153	metawrap
bin.8	example_contig_56241	metawrap
bin.8	example_contig_56654	metawrap
bin.8	example_contig_54394	metawrap
bin.8	example_contig_62818	metawrap
bin.8	example_contig_65453	metawrap
bin.8	example_contig_14186	metawrap
bin.8	example_contig_2492	metawrap
bin.8	example_contig_80393	metawrap
bin.8	example_contig_47380	metawrap
bin.8	example_contig_43722	metawrap
bin.8	example_contig_55030	metawrap
bin.8	example_contig_34289	metawrap
bin.8	example_contig_18498	metawrap
bin.8	example_contig_4722	metawrap
bin.8	example_contig_25595	metawrap
bin.8	example_contig_66442	metawrap
bin.8	example_contig_18389	metawrap
bin.8	example_contig_77633	metawrap
bin.8	example_contig_34673	metawrap
bin.8	example_contig_43367	metawrap
bin.8	example_contig_4563	metawrap
bin.8	example_contig_65568	metawrap
bin.8	example_contig_9239	metawrap
bin.8	example_contig_50158	metawrap
bin.8	example_contig_23855	metawrap
bin.8	example_contig_7793	metawrap
bin.8	example_contig_33480	metawrap
bin.8	example_contig_50389	metawrap
bin.8	example_contig_25235	metawrap
bin.8	example_contig_1383	metawrap
bin.8	example_contig_53824	metawrap
bin.8	example_contig_78313	metawrap
bin.8	example_contig_44198	metawrap
bin.8	example_contig_14986	metawrap
bin.8	example_contig_50742	metawrap
bin.8	example_contig_51287	metawrap
bin.8	example_contig_12299	metawrap
bin.8	example_contig_93	metawrap
bin.8	example_contig_34374	metawrap
bin.8	example_contig_20419	metawrap
bin.8	example_contig_23859	metawrap
bin.8	example_contig_47302	metawrap
bin.8	example_contig_10686	metawrap
bin.8	example_contig_26070	metawrap
bin.8	example_contig_17283	metawrap
bin.8	example_contig_11534	metawrap
bin.8	example_contig_15032	metawrap
bin.8	example_contig_2336	metawrap
bin.8	example_contig_68315	metawrap
bin.8	example_contig_31017	metawrap
bin.8	example_contig_35805	metawrap
bin.8	example_contig_23178	metawrap
bin.8	example_contig_50744	metawrap
bin.8	example_contig_63103	metawrap
bin.8	example_contig_55073	metawrap
bin.8	example_contig_40946	metawrap
bin.8	example_contig_56445	metawrap
bin.8	example_contig_41087	metawrap
bin.8	example_contig_20922	metawrap
bin.8	example_contig_69305	metawrap
bin.8	example_contig_29646	metawrap
bin.8	example_contig_44047	metawrap
bin.8	example_contig_12045	metawrap
bin.8	example_contig_29334	metawrap
bin.8	example_contig_25957	metawrap
bin.8	example_contig_38564	metawrap
bin.8	example_contig_66243	metawrap
bin.8	example_contig_42027	metawrap
bin.8	example_contig_57221	metawrap
bin.8	example_contig_11740	metawrap
bin.8	example_contig_15135	metawrap
bin.8	example_contig_25364	metawrap
bin.8	example_contig_49469	metawrap
bin.8	example_contig_51083	metawrap
bin.8	example_contig_69812	metawrap
bin.8	example_contig_60576	metawrap
bin.8	example_contig_12365	metawrap
bin.8	example_contig_34192	metawrap
bin.8	example_contig_42554	metawrap
bin.8	example_contig_7140	metawrap
bin.8	example_contig_9309	metawrap
bin.8	example_contig_6208	metawrap
bin.8	example_contig_57111	metawrap
bin.8	example_contig_35089	metawrap
bin.8	example_contig_52677	metawrap
bin.8	example_contig_16391	metawrap
bin.8	example_contig_57809	metawrap
bin.8	example_contig_45516	metawrap
bin.8	example_contig_52416	metawrap
bin.8	example_contig_1406	metawrap
bin.8	example_contig_71098	metawrap
bin.8	example_contig_61754	metawrap
bin.8	example_contig_75253	metawrap
bin.8	example_contig_16267	metawrap
bin.8	example_contig_10763	metawrap
bin.8	example_contig_8922	metawrap
bin.8	example_contig_68727	metawrap
bin.8	example_contig_8292	metawrap
bin.8	example_contig_31135	metawrap
bin.8	example_contig_12057	metawrap
bin.8	example_contig_15927	metawrap
bin.8	example_contig_70344	metawrap
bin.8	example_contig_7068	metawrap
bin.8	example_contig_6907	metawrap
bin.8	example_contig_12322	metawrap
bin.8	example_contig_32370	metawrap
bin.8	example_contig_9945	metawrap
bin.8	example_contig_51852	metawrap
bin.8	example_contig_59974	metawrap
bin.8	example_contig_1820	metawrap
bin.8	example_contig_47866	metawrap
bin.8	example_contig_26719	metawrap
bin.8	example_contig_77114	metawrap
bin.8	example_contig_26302	metawrap
bin.8	example_contig_17169	metawrap
bin.8	example_contig_50520	metawrap
bin.8	example_contig_74571	metawrap
bin.8	example_contig_14675	metawrap
bin.8	example_contig_54587	metawrap
bin.8	example_contig_61004	metawrap
bin.8	example_contig_51782	metawrap
bin.8	example_contig_44873	metawrap
bin.8	example_contig_24651	metawrap
bin.8	example_contig_13276	metawrap
bin.8	example_contig_5898	metawrap
bin.8	example_contig_37489	metawrap
bin.8	example_contig_26085	metawrap
bin.8	example_contig_71175	metawrap
bin.8	example_contig_38247	metawrap
bin.8	example_contig_10058	metawrap
bin.8	example_contig_50614	metawrap
bin.8	example_contig_30429	metawrap
bin.8	example_contig_7527	metawrap
bin.8	example_contig_63696	metawrap
bin.8	example_contig_52112	metawrap
bin.8	example_contig_53618	metawrap
bin.8	example_contig_14236	metawrap
bin.8	example_contig_71925	metawrap
bin.8	example_contig_8072	metawrap
bin.8	example_contig_36894	metawrap
bin.8	example_contig_14324	metawrap
bin.8	example_contig_73638	metawrap
bin.8	example_contig_62981	metawrap
bin.8	example_contig_78953	metawrap
bin.8	example_contig_53313	metawrap
bin.8	example_contig_51880	metawrap
bin.8	example_contig_2059	metawrap
bin.8	example_contig_64556	metawrap
bin.8	example_contig_68489	metawrap
bin.8	example_contig_78342	metawrap
bin.8	example_contig_63571	metawrap
bin.8	example_contig_28750	metawrap
bin.8	example_contig_22245	metawrap
bin.8	example_contig_80358	metawrap
bin.8	example_contig_24219	metawrap
bin.8	example_contig_55183	metawrap
bin.8	example_contig_12484	metawrap
bin.8	example_contig_14133	metawrap
bin.8	example_contig_3428	metawrap
bin.8	example_contig_34770	metawrap
bin.8	example_contig_34569	metawrap
bin.8	example_contig_79511	metawrap
bin.8	example_contig_51018	metawrap
bin.8	example_contig_12982	metawrap
bin.8	example_contig_67640	metawrap
bin.8	example_contig_55318	metawrap
bin.8	example_contig_41326	metawrap
bin.8	example_contig_42209	metawrap
bin.8	example_contig_80904	metawrap
bin.8	example_contig_30029	metawrap
bin.8	example_contig_52445	metawrap
bin.8	example_contig_78978	metawrap
bin.9	example_contig_74304	metawrap
bin.9	example_contig_13967	metawrap
bin.9	example_contig_21154	metawrap
bin.9	example_contig_31710	metawrap
bin.9	example_contig_42637	metawrap
bin.9	example_contig_45085	metawrap
bin.9	example_contig_52675	metawrap
bin.9	example_contig_75888	metawrap
bin.9	example_contig_17821	metawrap
bin.9	example_contig_6192	metawrap
bin.9	example_contig_29680	metawrap
bin.9	example_contig_45767	metawrap
bin.9	example_contig_75950	metawrap
bin.9	example_contig_60794	metawrap
bin.9	example_contig_59099	metawrap
bin.9	example_contig_78864	metawrap
bin.9	example_contig_75921	metawrap
bin.9	example_contig_5959	metawrap
bin.9	example_contig_21704	metawrap
bin.9	example_contig_75259	metawrap
bin.9	example_contig_76213	metawrap
bin.9	example_contig_64843	metawrap
bin.9	example_contig_81007	metawrap
bin.9	example_contig_39784	metawrap
bin.9	example_contig_19249	metawrap
bin.9	example_contig_45415	metawrap
bin.9	example_contig_202	metawrap
bin.9	example_contig_40355	metawrap
bin.9	example_contig_19379	metawrap
bin.9	example_contig_14196	metawrap
bin.9	example_contig_2524	metawrap
bin.9	example_contig_78506	metawrap
bin.9	example_contig_34573	metawrap
bin.9	example_contig_38689	metawrap
bin.9	example_contig_4517	metawrap
bin.9	example_contig_73332	metawrap
bin.9	example_contig_18109	metawrap
bin.9	example_contig_8211	metawrap
bin.9	example_contig_52140	metawrap
bin.9	example_contig_40807	metawrap
bin.9	example_contig_55635	metawrap
bin.9	example_contig_77580	metawrap
bin.9	example_contig_15863	metawrap
bin.9	example_contig_797	metawrap
bin.9	example_contig_23881	metawrap
bin.9	example_contig_9272	metawrap
bin.9	example_contig_64534	metawrap
bin.9	example_contig_59566	metawrap
bin.9	example_contig_58083	metawrap
bin.9	example_contig_42446	metawrap
bin.9	example_contig_6145	metawrap
bin.9	example_contig_75827	metawrap
bin.9	example_contig_15373	metawrap
bin.9	example_contig_66806	metawrap
bin.9	example_contig_30403	metawrap
bin.9	example_contig_50171	metawrap
bin.9	example_contig_12188	metawrap
bin.9	example_contig_64388	metawrap
bin.9	example_contig_22447	metawrap
bin.9	example_contig_29053	metawrap
bin.9	example_contig_69873	metawrap
bin.9	example_contig_20998	metawrap
bin.9	example_contig_78733	metawrap
bin.9	example_contig_10155	metawrap
bin.9	example_contig_72042	metawrap
bin.9	example_contig_43115	metawrap
bin.9	example_contig_4952	metawrap
bin.9	example_contig_5377	metawrap
bin.9	example_contig_32235	metawrap
bin.9	example_contig_51604	metawrap
bin.9	example_contig_66130	metawrap
bin.9	example_contig_78642	metawrap
bin.9	example_contig_35407	metawrap
bin.9	example_contig_61462	metawrap
bin.9	example_contig_33600	metawrap
bin.9	example_contig_56130	metawrap
bin.9	example_contig_74869	metawrap
bin.9	example_contig_26360	metawrap
bin.9	example_contig_63887	metawrap
bin.9	example_contig_18165	metawrap
bin.9	example_contig_21981	metawrap
bin.9	example_contig_76155	metawrap
bin.9	example_contig_77119	metawrap
bin.9	example_contig_50036	metawrap
bin.9	example_contig_44867	metawrap
bin.9	example_contig_25102	metawrap
bin.9	example_contig_21279	metawrap
bin.9	example_contig_50548	metawrap
bin.9	example_contig_56129	metawrap
bin.9	example_contig_79647	metawrap
bin.9	example_contig_67260	metawrap
bin.9	example_contig_40852	metawrap
bin.9	example_contig_15444	metawrap
bin.9	example_contig_7923	metawrap
bin.9	example_contig_27481	metawrap
bin.9	example_contig_36560	metawrap
bin.9	example_contig_4834	metawrap
bin.9	example_contig_74985	metawrap
